?cls	?def	?xrefs
<http://purl.obolibrary.org/obo/UBERON_0000179>	"Circulating fluid that is part of the hemolymphoid system. Blood, lymph, interstitial fluid or its analogs."	"http://orcid.org/0000-0002-6601-2165 CARO:0000081"
<http://purl.obolibrary.org/obo/UBERON_0001970>	"vital aqueous secretion of the liver that is formed by hepatocytes and modified down stream by absorptive and secretory properties of the bile duct epithelium."	"CALOHA:TS-1172 FMA:62971 BTO:0000121 ZFA:0005857 MA:0002513 MESH:D001646 UMLS:C0005388 http://en.wikipedia.org/wiki/Bile NCIT:C13192 GAID:1157 ENVO:02000023 galen:Bile http://linkedlifedata.com/resource/umls/id/C0005388 https://doi.org/10.1002/cphy.c120027"
<http://purl.obolibrary.org/obo/OBI_0000011>		
<http://purl.obolibrary.org/obo/ORCS_00000165>	"A PCORnet specimen source value name that is about some specimen of pericardial fluid."@en	
<http://purl.obolibrary.org/obo/ORCS_00000037>		
<http://purl.obolibrary.org/obo/ENVO_01000254>	"A system which has the disposition to environ one or more material entities."	"DOI:10.1186/2041-1480-4-43 EcoLexicon:environment"
<http://purl.obolibrary.org/obo/ENVO_00002004>	"An environmental feature that is, or can be, contained and is predominantly composed of one or a few types of stuff."	"MA:ma"
<http://purl.obolibrary.org/obo/UBERON_0002106>	"the organ that functions to filter blood and to store red corpuscles and platelets"	"EV:0100055 VHOG:0000120 http://en.wikipedia.org/wiki/Spleen galen:Spleen CALOHA:TS-0956 MIAA:0000085 AAO:0010395 XAO:0000328 MAT:0000085 http://linkedlifedata.com/resource/umls/id/C0037993 ZFA:0000436 EFO:0000869 NCIT:C12432 FMA:7196 MESH:A15.382.520.604.713 GAID:1289 TAO:0000436 MA:0000141 OpenCyc:Mx4rvVjgw5wpEbGdrcN5Y29ycA BTO:0001281 ISBN:0-683-40008-8 UMLS:C0037993 http://www.snomedbrowser.com/Codes/Details/181279003 EMAPA:18767 MP:0000689"
<http://purl.obolibrary.org/obo/ORCS_00000150>	"A PCORnet sexual orientation identity information content entity that is about some person's identifying as some sexual orientation that is not represented by the other value set options for the \"sexual orientation\" field of the PCORnet Demographic Table."@en	
<http://purl.obolibrary.org/obo/ORCS_00000160>	"A PCORnet specimen source value name that is about some blood plasma or tissue samples."@en	
<http://purl.obolibrary.org/obo/ORCS_00000038>		
<http://purl.obolibrary.org/obo/OMRSE_00000126>		
<http://purl.obolibrary.org/obo/ORCS_00000157>	"A PCORnet specimen source value name that is about some blood serum, blood plasma, or urine samples."@en	
<http://purl.obolibrary.org/obo/UBERON_0001968>	"Organism substance that is composed of sperm cells suspended in seminal fluid."	"UMLS:C2756969 EMAPA:31488 MESH:D012661 http://linkedlifedata.com/resource/umls/id/C1518159 NCIT:C13277 MA:0002522 GAID:1169 CALOHA:TS-0917 UMLS:C1518159 OpenCyc:Mx4rvgC-zpwpEbGdrcN5Y29ycA NCIT:C13713 http://orcid.org/0000-0002-6601-2165 BTO:0001230 FMA:62966 http://en.wikipedia.org/wiki/Semen http://linkedlifedata.com/resource/umls/id/C2756969"
<http://purl.obolibrary.org/obo/UBERON_0002048>	"Respiration organ that develops as an oupocketing of the esophagus."	"BTO:0000763 UMLS:C0024109 MA:0000415 MESH:D008168 CALOHA:TS-0568 NCIT:C12468 MIAA:0000135 http://linkedlifedata.com/resource/umls/id/C0024109 XAO:0000119 http://orcid.org/0000-0002-6601-2165 EHDAA2:0001042 AAO:0000275 OpenCyc:Mx4rvVjKy5wpEbGdrcN5Y29ycA EHDAA:2205 AAO:0010567 GAID:345 http://en.wikipedia.org/wiki/Lung FMA:7195 MAT:0000135 EV:0100042 EHDAA:1554 EFO:0000934 VHOG:0000310 http://www.snomedbrowser.com/Codes/Details/181216001 EMAPA:16728 galen:Lung"
<http://purl.obolibrary.org/obo/UBERON_0000977>	"The invaginated serous membrane that surrounds the lungs (the visceral portion) and lines the walls of the pleural cavity (parietal portion)."	"EFO:0001980 http://en.wikipedia.org/wiki/Pleura GAID:360 UBERON:cjm https://en.wikipedia.org/wiki/Pulmonary_pleurae UMLS:C0032225 MP:0010820 NCIT:C12469 https://github.com/obophenotype/uberon/issues/1231 EMAPA:16775 BTO:0001791 MA:0000433 OpenCyc:Mx4rv3zwLZwpEbGdrcN5Y29ycA ISBN:0-683-40008-8 EV:0100044 CALOHA:TS-2081 FMA:9583 VHOG:0000394 http://www.snomedbrowser.com/Codes/Details/181609007 http://linkedlifedata.com/resource/umls/id/C0032225 MESH:D010994"
<http://purl.obolibrary.org/obo/ORCS_00000036>		
<http://purl.obolibrary.org/obo/UBERON_0001088>	"Excretion that is the output of a kidney"	"EMAPA:36554 CALOHA:TS-1092 BTO:0001419 MA:0002545 http://linkedlifedata.com/resource/umls/id/C0042036 MESH:D014556 MIAA:0000058 FMA:12274 galen:Urine https://github.com/geneontology/go-ontology/issues/11025 OpenCyc:Mx4rvVjGppwpEbGdrcN5Y29ycA http://en.wikipedia.org/wiki/Urine UMLS:C0042036 GAID:1189 NCIT:C13283 EFO:0001939 MAT:0000058 ENVO:00002047"
<http://purl.obolibrary.org/obo/UBERON_0000996>	"A fibromuscular tubular tract leading from the uterus to the exterior of the body in female placental mammals and marsupials, or to the cloaca in female birds, monotremes, and some reptiles[WP]."	"http://en.wikipedia.org/wiki/Vagina MAT:0000128 EFO:0000976 galen:Vagina NCIT:C12407 MA:0000394 EMAPA:18986 FMA:19949 http://linkedlifedata.com/resource/umls/id/C0042232 VHOG:0001138 EV:0100117 http://orcid.org/0000-0002-6601-2165 UMLS:C0042232 MESH:D014621 BTO:0000243 GAID:381 OpenCyc:Mx4rvVj1B5wpEbGdrcN5Y29ycA CALOHA:TS-1103 http://www.snomedbrowser.com/Codes/Details/181441005 MIAA:0000128"
<http://purl.obolibrary.org/obo/ORCS_00000027>	"a diagnosis that is about some patient and that is the specified output of a diagnostic process that occurs before or during the admission of that patient"@en	
<http://purl.obolibrary.org/obo/ENVO_00003075>		
<http://purl.obolibrary.org/obo/ORCS_00000145>	"A health care encounter that occurs in some hospital facility or emergency department and that realizes some healthcare provider role that inheres in some organization."@en	
<http://purl.obolibrary.org/obo/UBERON_0001062>	"Biological entity that is either an individual member of a biological species or constitutes the structural organization of an individual member of a biological species."	"MA:0000001 TAO:0100000 AAO:0010841 HAO:0000000 FBbt_root:00000000 ZFA:0100000 FMA:62955 WBbt:0000100 UMLS:C1515976 FBbt:10000000 http://orcid.org/0000-0001-9114-8737 TGMA:0001822 BILA:0000000 AEO:0000000 NCIT:C12219 XAO:0000000 EHDAA2:0002229 http://uri.neuinfo.org/nif/nifstd/birnlex_6 CARO:0000000 http://linkedlifedata.com/resource/umls/id/C1515976"
<http://purl.obolibrary.org/obo/BFO_0000182>		
<http://purl.obolibrary.org/obo/OMRSE_00000101>		
<http://purl.obolibrary.org/obo/UBERON_0005181>	"An organ that part of the thoracic segment region. This region can be further subdividied chest and thoracic cavity regions."	"EMAPA:37271 http://orcid.org/0000-0002-6601-2165 MA:0000563"
<http://purl.obolibrary.org/obo/UBERON_0007311>	"Matter ejected from the lungs, bronchi, and trachea, through the mouth."	"GAID:1171 NCIT:C13278 CALOHA:TS-0963 UMLS:C0038056 MA:0002536 Dorlands_Medical_Dictionary:MerckSource BTO:0001297 http://linkedlifedata.com/resource/umls/id/C0038056 FMA:312401 MESH:D013183 EMAPA:36553"
<http://purl.obolibrary.org/obo/OMRSE_00000099>		
<http://purl.obolibrary.org/obo/UBERON_0010147>	"Any gland, other than the gonad, associated with the genital tract, such as the ampulla of the ductus deferens and the bulbourethral, prostate and vesicular glands of the male."	"BTO:0004798"
<http://purl.obolibrary.org/obo/ORCS_00000035>		
<http://purl.obolibrary.org/obo/UBERON_0035946>	"A life cycle temporal boundary that marks the start of the neonate stage of the organism."	
<http://purl.obolibrary.org/obo/UBERON_0000165>	"The proximal portion of the digestive tract, containing the oral cavity and bounded by the oral opening. In vertebrates, this extends to the pharynx and includes gums, lips, tongue and parts of the palate. Typically also includes the teeth, except where these occur elsewhere (e.g. pharyngeal jaws) or protrude from the mouth (tusks)."	"galen:Mouth GAID:75 TADS:0000040 BTO:0001090 http://orcid.org/0000-0002-6601-2165 TGMA:0000131 MA:0000341 MAT:0000038 TAO:0000590 OpenCyc:Mx4rvVidh5wpEbGdrcN5Y29ycA ZFA:0000590 FBbt:00003126 MA:0002474 FMA:49184 BTO:0004698 AAO:0010355 VHOG:0000280 MIAA:0000038 EMAPA:16262 MESH:D009055 http://www.snomedbrowser.com/Codes/Details/21082005 TAO:0000547 FMA:TA EFO:0000825 http://purl.obolibrary.org/obo/uberon/images/lamprey_sucker_rosava_3238889218.jpg CALOHA:TS-1315 EHDAA:542 VHOG:0000812 http://en.wikipedia.org/wiki/Mouth XAO:0003029 ZFA:0000547 EHDAA2:0001326 https://github.com/obophenotype/uberon/wiki/The-digestive-tract"
<http://purl.obolibrary.org/obo/ORCS_00000059>		
<http://purl.obolibrary.org/obo/UBERON_0013755>	"A blood that is part of a artery."	"OBOL:automatic FMA:83066"
<http://purl.obolibrary.org/obo/ORCS_00000047>		
<http://purl.obolibrary.org/obo/ORCS_00000130>	"A PCORnet racial identity information content entity that is about some person's identifying as white which is intended to mean having origins in any of the original peoples of Europe, the Middle East, or North Africa."@en	
<http://purl.obolibrary.org/obo/ORCS_00000142>	"A health care encounter that realizes some health care provider role that inheres in some Homo sapiens."@en	
<http://purl.obolibrary.org/obo/UBERON_0034944>		"FMA:55268"
<http://purl.obolibrary.org/obo/IAO_0000030>		
<http://purl.obolibrary.org/obo/BFO_0000008>		
<http://purl.obolibrary.org/obo/ORCS_00000044>	"a diagnosis that is about some patient and that is the specified output of a diagnostic process that occurs during an outpatient encounter"@en	
<http://purl.obolibrary.org/obo/UBERON_0001052>	"the terminal portion of the intestinal tube, terminating with the anus"	"http://en.wikipedia.org/wiki/Rectum EV:0100081 OpenCyc:Mx4rvVjaU5wpEbGdrcN5Y29ycA EHDAA2:0001592 CALOHA:TS-1180 http://www.snomedbrowser.com/Codes/Details/181261002 MAT:0000050 EHDAA:5836 EMAPA:17896 http://orcid.org/0000-0002-6601-2165 EFO:0000848 http://linkedlifedata.com/resource/umls/id/C0034896 galen:Rectum VHOG:0001751 MESH:A03.492.411.495.767 BTO:0001158 AAO:0010401 MA:0000336 GAID:311 UMLS:C0034896 FMA:14544 ISBN:0-683-40008-8 MP:0000492 XAO:0000238 MIAA:0000050 NCIT:C12390"
<http://purl.obolibrary.org/obo/UBERON_0006314>	"Liquid components of living organisms. includes fluids that are excreted or secreted from the body as well as body water that normally is not."	"http://uri.neuinfo.org/nif/nifstd/birnlex_20 MESH:A12.207 galen:BodyFluid http://en.wikipedia.org/wiki/Body_fluid FMA:280556 EMAPA:37441 MESH:D001826 GAID:266"
<http://purl.obolibrary.org/obo/UBERON_0000172>	"A bodily fluid consisting of the expulsed contents of the stomach disgorged through the mouth or nose that happens as a result of a vomit reflex."	"ENVO:00000338 OpenCyc:Mx4rvViQTJwpEbGdrcN5Y29ycA galen:Vomitus UBERON:cjm NCIT:C77666 http://en.wikipedia.org/wiki/Vomiting"
<http://purl.obolibrary.org/obo/UBERON_0034947>	"Any portion of gas located in a part of the respiratory system."	"http://orcid.org/0000-0002-6601-2165"
<http://purl.obolibrary.org/obo/ORCS_00000126>	"A PCORnet racial identity information content entity that is about some person's identifying as Asian, which is intended to mean having origins in any of the original peoples of the Far East, Southeast Asia, or the Indian subcontinent."@en	
<http://purl.obolibrary.org/obo/BFO_0000202>		
<http://purl.obolibrary.org/obo/OMRSE_00000128>		
<http://purl.obolibrary.org/obo/BFO_0000040>		
<http://purl.obolibrary.org/obo/UBERON_0002409>	"Transudate contained in the pericardial cavity.[FMA]"	"BTO:0001016 MA:0002530 FMA:9887 http://en.wikipedia.org/wiki/Pericardial_fluid"
<http://purl.obolibrary.org/obo/ORCS_00000071>	"A PCORnet discharge status data item that is about a discharge process in which a patient is discharged to an adult foster home facility."@en	
<http://purl.obolibrary.org/obo/UBERON_0000064>	"A multicellular structure that is a part of an organ."	"EFO:0000635 http://www.snomedbrowser.com/Codes/Details/91717005 AAO:0011124 http://www.snomedbrowser.com/Codes/Details/113343008 http://orcid.org/0000-0002-6601-2165 FMA:82472 http://uri.neuinfo.org/nif/nifstd/birnlex_16 NIFSTD:birnlex_16"
<http://purl.obolibrary.org/obo/ORCS_00000046>		
<http://purl.obolibrary.org/obo/ORCS_00000034>		
<http://purl.obolibrary.org/obo/ORCS_00000058>		
<http://purl.obolibrary.org/obo/UBERON_0003133>	"An organ involved in reproduction"	"TGMA:0000591 UMLS:C0017420 http://linkedlifedata.com/resource/umls/id/C0017420 http://www.snomedbrowser.com/Codes/Details/128181006 MA:0001752 UBERON:xp EMAPA:37731 WBbt:0008422 MESH:D005835 NCIT:C25177 OpenCyc:Mx4rwO39aJwpEbGdrcN5Y29ycA EMAPA:17381"
<http://purl.obolibrary.org/obo/ORCS_00000096>	"A PCORnet gender identity information content entity that is about some person's identifying as a man."@en	
<http://purl.obolibrary.org/obo/UBERON_0000178>	"A fluid that is composed of blood plasma and erythrocytes."	"http://linkedlifedata.com/resource/umls/id/C0005767 galen:Blood BTO:0000089 MESH:D001769 https://github.com/obophenotype/uberon/issues/9 XAO:0000124 EFO:0000296 AAO:0000046 EHDAA2:0000176 VHOG:0000224 EMAPA:16332 GAID:965 MA:0000059 OpenCyc:Mx4rvVjI8JwpEbGdrcN5Y29ycA http://orcid.org/0000-0002-6601-2165 UMLS:C0005767 EV:0100047 EHDAA:418 MIAA:0000315 CALOHA:TS-0079 ZFA:0000007 FMA:9670 NCIT:C12434 http://en.wikipedia.org/wiki/Blood ENVO:02000027 TAO:0000007"
<http://purl.obolibrary.org/obo/ORCS_00000163>	"A PCORnet specimen source value name that is about some vaginal specimen."@en	
<http://purl.obolibrary.org/obo/BFO_0000019>		
<http://purl.obolibrary.org/obo/UBERON_0001913>	"An emulsion of fat globules within a fluid that is secreted by the mammary gland during lactation."	"CALOHA:TS-0636 MESH:A13.622 VHOG:0001263 NCIT:C13401 MA:0002552 EMAPA:36540 galen:Milk MAT:0000056 ENVO:02000031 http://en.wikipedia.org/wiki/Breast_milk http://orcid.org/0000-0002-6601-2165 UMLS:C1511310 EV:0100126 http://linkedlifedata.com/resource/umls/id/C1511310 MIAA:0000056 FMA:62100 GAID:1230 OpenCyc:Mx4rvVjGZJwpEbGdrcN5Y29ycA BTO:0000868"
<http://purl.obolibrary.org/obo/OMRSE_00000098>		
<http://purl.obolibrary.org/obo/ORCS_00000139>	"A PCORnet data item that is about a patient admission that is causally upstream of an outpatient encounter."@en	
<http://purl.obolibrary.org/obo/ORCS_00000123>	"A PCORnet gender identity information content entity that is about some person's identifying as a woman."@en	
<http://purl.obolibrary.org/obo/UBERON_0000995>	"the female muscular organ of gestation in which the developing embryo or fetus is nourished until birth"	"EFO:0000975 http://linkedlifedata.com/resource/umls/id/C0042149 UMLS:C0042149 BTO:0001424 MA:0000389 MAT:0000127 MGI:csmith MIAA:0000127 MESH:D014599 http://en.wikipedia.org/wiki/Uterus MP:0001120 http://www.snomedbrowser.com/Codes/Details/181452004 GAID:172 OpenCyc:Mx4rvViojJwpEbGdrcN5Y29ycA VHOG:0001137 EV:0100113 galen:Uterus FMA:17558 NCIT:C12405 EMAPA:29915 CALOHA:TS-1102"
<http://purl.obolibrary.org/obo/ORCS_00000079>	"A PCORnet discharge status data item that is about a healthcare encounter that continues while the patient remains in the same hospital, and while the hospital is billing a healthcare payor for services after a specified period (typically 90 days)."@en	
<http://purl.obolibrary.org/obo/OMRSE_00000127>		
<http://purl.obolibrary.org/obo/UBERON_0000104>	"An entire span of an organism's life, commencing with the zygote stage and ending in the death of the organism."	"ncithesaurus:Life MmusDv:0000001 HsapDv:0000001 OGES:000011 FBdv:00000000"
<http://purl.obolibrary.org/obo/UBERON_0001969>	"The liquid component of blood, in which erythrocytes are suspended."	"GAID:1178 http://orcid.org/0000-0002-6601-2165 http://linkedlifedata.com/resource/umls/id/C0032105 MIAA:0000052 MESH:D010949 EMAPA:35690 CALOHA:TS-0800 FMA:62970 MAT:0000052 OpenCyc:Mx4rEg4ZYrIbEduAAAAOpmP6tw http://en.wikipedia.org/wiki/Blood_plasma NCIT:C13356 UMLS:C0032105 EFO:0001905 BTO:0000131 MA:0002501"
<http://purl.obolibrary.org/obo/ORCS_00000097>	"A PCORnet gender identity information content entity that is about some person's identifying as more than one gender."@en	
<http://purl.obolibrary.org/obo/ORCS_00000033>		
<http://purl.obolibrary.org/obo/ORCS_00000057>		
<http://purl.obolibrary.org/obo/ORCS_00000155>	"A planned process that realizes a patient role."@en	
<http://purl.obolibrary.org/obo/UBERON_0012168>	"blood that remains in the placenta and in the attached umbilical cord after childbirth[WP]."	"MESH:D005312 CALOHA:TS-1079 EFO:0001942 http://en.wikipedia.org/wiki/Cord_blood BTO:0004053 MESH:A12.207.152.200"
<http://purl.obolibrary.org/obo/UBERON_0000945>	"An expanded region of the vertebrate alimentary tract that serves as a food storage compartment and digestive organ. A stomach is lined, in whole or in part by a glandular epithelium."	"MA:0000353 AAO:0000579 FMA:7148 http://www.snomedbrowser.com/Codes/Details/181246003 EV:0100070 VHOG:0000408 UMLS:C0038351 XAO:0000128 EFO:0000837 OpenCyc:Mx4rvVjlqpwpEbGdrcN5Y29ycA EHDAA2:0001915 TAO:0002121 ANISEED:1235297 MIAA:0000051 BTO:0001307 GAID:293 NCIT:C12391 CALOHA:TS-0980 http://linkedlifedata.com/resource/umls/id/C0038351 EMAPA:17021 https://orcid.org/0000-0002-6601-2165 http://en.wikipedia.org/wiki/Stomach MESH:A03.492.766 MAT:0000051 EHDAA:2993 ISBN10:0073040584 galen:Stomach"
<http://purl.obolibrary.org/obo/ORCS_00000136>	"An identifier that is the specified output of a planned process that realizes the Internet standard RFC 3987 which is available from http://www.ietf.org/rfc/rfc3987.txt."@en	
<http://purl.obolibrary.org/obo/OGMS_0000031>	"A disposition (i) to undergo pathological processes that (ii) exists in an organism because of one or more disorders in that organism."@en	
<http://purl.obolibrary.org/obo/APOLLO_SV_00000242>	"A name of temporal region that specifies a time span on a specified time scale by giving a start time and a duration."@en	
<http://purl.obolibrary.org/obo/UBERON_0002371>	"the soft tissue that fills the cavities of bones"	"MIAA:0000084 http://www.snomedbrowser.com/Codes/Details/421320006 BTO:0000141 EV:0100046 MAT:0000084 galen:BoneMarrow MP:0002397 EMAPA:32760 MESH:D001853 VHOG:0001218 CALOHA:TS-0087 MA:0000134 http://en.wikipedia.org/wiki/Bone_marrow UMLS:C0005953 BTO:0000829 http://linkedlifedata.com/resource/umls/id/C0005953 AAO:0011007 XAO:0000123 EFO:0000868 OpenCyc:Mx4rvVm-FpwpEbGdrcN5Y29ycA FMA:9608 MGI:cwg GAID:1287 NCIT:C12431"
<http://purl.obolibrary.org/obo/ORCS_00000128>	"A PCORnet racial identity information content entity that is about some person's identifying as more than one race."@en	
<http://purl.obolibrary.org/obo/UBERON_0002367>	"The prostate gland is a partly muscular, partly glandular body that is situated near the base of the mammalian male urethra and secretes an alkaline viscid fluid which is a major constituent of the ejaculatory fluid."	"MA:0000404 VHOG:0001261 FMA:9600 EMAPA:19287 MESH:D011467 GAID:392 BTO:0001129 OpenCyc:Mx4rv6trqZwpEbGdrcN5Y29ycA galen:ProstateGland UMLS:C0033572 EV:0100104 http://www.ncbi.nlm.nih.gov/pubmed/10668204 http://www.snomedbrowser.com/Codes/Details/181422007 NCIT:C12410 CALOHA:TS-0828 MAT:0000078 http://en.wikipedia.org/wiki/Prostate GO:0030850 MIAA:0000078 EFO:0000858 http://linkedlifedata.com/resource/umls/id/C0033572"
<http://purl.obolibrary.org/obo/PATO_0001995>	"A quality that inheres in an entire organism or part of an organism."	
<http://purl.obolibrary.org/obo/OMRSE_00000134>		
<http://purl.obolibrary.org/obo/UBERON_0000022>	"one of the epidermal growths that form the distinctive outer covering, or plumage, on birds. Feathers are formed in tiny follicles in the epidermis, or outer skin layer, that produce keratin proteins."	"MESH:D005241 EFO:0000955 GAID:1214 http://en.wikipedia.org/wiki/Feather MAT:0000156 BTO:0000447 OpenCyc:Mx4rvVjW-5wpEbGdrcN5Y29ycA http://www.snomedbrowser.com/Codes/Details/410027006"
<http://purl.obolibrary.org/obo/ORCS_00000141>	"An identifier that denotes a health care facility and has part some symbol."@en	
<http://purl.obolibrary.org/obo/ORCS_00000032>		
<http://purl.obolibrary.org/obo/ORCS_00000068>		
<http://purl.obolibrary.org/obo/ORCS_00000056>		
<http://purl.obolibrary.org/obo/UBERON_0006858>	"This gland can either be a discrete structure located bilaterally above each kidney, or a cluster of cells in the head kidney that perform the functions of the adrenal gland. In either case, this organ consists of two cells types, aminergic chromaffin cells and steroidogenic cortical cells[GO]"	"GO:0030325 VHOG:0001141"
<http://purl.obolibrary.org/obo/UBERON_0007109>	"A dark greenish mass that accumulates in the bowel during fetal life and is discharged shortly after birth."	"ncithesaurus:Meconium BTO:0000838"
<http://purl.obolibrary.org/obo/UBERON_0000004>	"The olfactory organ of vertebrates, consisting of nares, olfactory epithelia and the structures and skeletal framework of the nasal cavity."	"EV:0100037 UMLS:C0028429 MIAA:0000139 EHDAA:1502 FMA:46472 http://www.snomedbrowser.com/Codes/Details/181195007 ZFA:0000047 CALOHA:TS-2037 http://en.wikipedia.org/wiki/Nose TAO:0000047 BTO:0000840 EHDAA2:0001274 EV:0100370 MESH:D009666 MA:0000281 UBERON:cjm NCIT:C12756 galen:Nose GAID:77 EMAPA:16542 MAT:0000139 OpenCyc:Mx4rvViCbJwpEbGdrcN5Y29ycA http://linkedlifedata.com/resource/umls/id/C0028429"
<http://purl.obolibrary.org/obo/UBERON_0013756>	"A blood that is part of a vein."	"FMA:83067 OBOL:automatic"
<http://purl.obolibrary.org/obo/BFO_0000203>		
<http://purl.obolibrary.org/obo/ORCS_00000043>	"a diagnosis that is about some patient and that is the specified output of a diagnostic process that occurs before or simultaneously with the discharge of that patient"@en	
<http://purl.obolibrary.org/obo/ORCS_00000072>	"A PCORnet discharge status data item that is about a discharge process in which a patient is discharged to an assisted living facility."@en	
<http://purl.obolibrary.org/obo/ORCS_00000073>	"A PCORnet discharge status data item that is about a discharge process in which a patient is discharged to another hospital."@en	
<http://purl.obolibrary.org/obo/ORCS_00000152>	"A PCORnet specimen source value name that is about a patient."@en	
<http://purl.obolibrary.org/obo/UBERON_0036017>	"A bodily fluid consisting of the contents of the digestive tract expulsed through the anterior portion of the digestive tract."	"UBERON:cjm"
<http://purl.obolibrary.org/obo/ENVO_00003074>	"A material entity that has been processed by humans or their technology in any way, including intermediate products as well as final products."	
<http://purl.obolibrary.org/obo/UBERON_0009564>	"A nail, hoof or claw."	"http://www.ncbi.nlm.nih.gov/pubmed/11710767 MESH:D006724"
<http://purl.obolibrary.org/obo/OGMS_0000123>	"a data item that is about a patient and is the specified output of a health care process assay or diagnostic process"	
<http://purl.obolibrary.org/obo/ORCS_00000153>	"A PCORnet specimen source value name that is about some identifier that denotes a physician."@en	
<http://purl.obolibrary.org/obo/ORCS_00000144>	"A PCORnet discharge status data item that is about a termination of an inpatient encounter, initiated by the patient, that lacks a discharge process as a proper part."@en	
<http://purl.obolibrary.org/obo/UBERON_0000173>	"Amniotic fluid is a bodily fluid consisting of watery liquid surrounding and cushioning a growing fetus within the amnion. It allows the fetus to move freely without the walls of the uterus being too tight against its body. Buoyancy is also provided. The composition of the fluid changes over the course of gestation. Initially, amniotic fluid is similar to maternal plasma, mainly water with electrolytes. As the fetus develops, proteins, carbohydrates, lipids, phospholipids originating from the lungs, fetal cells, and urea are deposited in the fluid."	"NCIT:C13188 EMAPA:36771 CALOHA:TS-0034 MESH:D000653 VHOG:0001267 EV:0100123 http://linkedlifedata.com/resource/umls/id/C0002638 UMLS:C0002638 MP:MP GAID:1155 FMA:305905 BTO:0000068 MA:0002893 ENVO:02000021"
<http://purl.obolibrary.org/obo/OMRSE_00000133>		
<http://purl.obolibrary.org/obo/ORCS_00000031>		
<http://purl.obolibrary.org/obo/APOLLO_SV_00000429>	"A name of a temporal region that is systematized according to a particular calendar system, such as the Gregorian calendar."@en	
<http://purl.obolibrary.org/obo/UBERON_0010172>	"The portion of the left ventricular outflow tract delineated by the sinotubular ridge superiorly and the bases of the valve leaflets inferiorly; it comprises the aortic sinuses, the aortic valve leaflets, the commissures, and the interleaflet triangles"	"FMA:TA http://www.snomedbrowser.com/Codes/Details/362032000 BTO:0004695 MP:0011575 FMA:3740 MP:0011572"
<http://purl.obolibrary.org/obo/PATO_0000169>	"An organismal quality inhering in a bearer or a population by virtue of the bearer's disposition to survive and develop normally or the number of surviving individuals in a given population."	
<http://purl.obolibrary.org/obo/ORCS_00000055>		
<http://purl.obolibrary.org/obo/ORCS_00000092>	"A PCORnet ethnic identity information content entity that is about some person's identifying as Hispanic, which is intended to mean being of Cuban, Mexican, Puerto Rican, South or Central American, or other Spanish culture or origin, regardless of race."@en	
<http://purl.obolibrary.org/obo/UBERON_0000057>	"the fibromuscular tubular canal through which urine is discharged from the bladder to the exterior via the external urinary meatus; in males, the urethra is joined by the ejaculatory ducts and serves as a passageway for semen during ejaculation, as well as a canal for urine during voiding; in females, the urethra is shorter and emerges above the vaginal opening"	"XAO:0000153 MESH:D014521 http://www.snomedbrowser.com/Codes/Details/302513006 CALOHA:TS-1132 MIAA:0000121 MP:0000537 EFO:0000931 GAID:390 EMAPA:30901 UMLS:C0041967 NCIT:C12417 BTO:0001426 OpenCyc:Mx4rvVjkypwpEbGdrcN5Y29ycA MA:0000379 http://linkedlifedata.com/resource/umls/id/C0041967 VHOG:0001264 FMA:19667 MAT:0000121 MGI:anna http://en.wikipedia.org/wiki/Urethra EV:0100099 galen:Urethra"
<http://purl.obolibrary.org/obo/UBERON_0000062>	"Anatomical structure that performs a specific function or group of functions [WP]."	"WBbt:0003760 OpenCyc:Mx4rwP3iWpwpEbGdrcN5Y29ycA http://en.wikipedia.org/wiki/Organ_(anatomy) MA:0003001 CARO:0020004 OpenCyc:Mx4rv5XMb5wpEbGdrcN5Y29ycA EFO:0000634 ENVO:01000162 EMAPA:35949 http://uri.neuinfo.org/nif/nifstd/birnlex_4 NCIT:C13018 http://linkedlifedata.com/resource/umls/id/C0178784 http://orcid.org/0000-0002-6601-2165 http://www.snomedbrowser.com/Codes/Details/272625005 FMA:67498 UMLS:C0178784"
<http://purl.obolibrary.org/obo/ORCS_00000159>	"A PCORnet specimen source value name that is about some blood serum, blood plasma, or whole blood samples."@en	
<http://purl.obolibrary.org/obo/ORCS_00000127>	"A PCORnet racial identity information content entity that is about some person's identifying as black or African American, which is intended to mean having origins in any of the black racial groups of Africa."@en	
<http://purl.obolibrary.org/obo/ORCS_00000156>	"An identifier that denotes a LOINC information content entity that itself is about some material entity that is the bearer of a specimen role."@en	
<http://purl.obolibrary.org/obo/UBERON_0001560>		"FMA:45733"
<http://purl.obolibrary.org/obo/ORCS_00000131>	"A sexual orientation identity information content entity that uses the PCORnet terminology for sexual orientation, where this terminology corresponds to the permitted values for the \"sexual orientation\" field of the Demographic Table."@en	
<http://purl.obolibrary.org/obo/BFO_0000020>		
<http://purl.obolibrary.org/obo/OMRSE_00000180>		
<http://purl.obolibrary.org/obo/UBERON_0002369>	"Either of a pair of complex endocrine organs near the anterior medial border of the kidney consisting of a mesodermal cortex that produces glucocorticoid, mineralocorticoid, and androgenic hormones and an ectodermal medulla that produces epinephrine and norepinephrine[BTO]."	"VHOG:0001141 NCIT:C12666 GAID:446 CALOHA:TS-0016 AAO:0010551 XAO:0000164 MESH:D000311 UMLS:C0001625 MAT:0000071 http://linkedlifedata.com/resource/umls/id/C0001625 EV:0100135 BTO:0000047 FMA:9604 http://www.snomedbrowser.com/Codes/Details/181127006 galen:AdrenalGland http://en.wikipedia.org/wiki/Adrenal_gland OpenCyc:Mx4rvXYiz5wpEbGdrcN5Y29ycA EFO:0000238 GO:0030325 MIAA:0000071 EMAPA:18426 MA:0000116"
<http://purl.obolibrary.org/obo/IAO_0000578>		
<http://purl.obolibrary.org/obo/ORCS_00000143>	"A health care encounter that occurs in some hospice facility, skilled nursing facility, rehabilitation facility, nursing home facility, residential home facility, overnight non-hospital dialysis facility, adult foster home facility, or assisted living facility."@en	
<http://purl.obolibrary.org/obo/UBERON_0035944>	"A life cycle temporal boundary that marks the end of the life cycle of the organism."	
<http://purl.obolibrary.org/obo/OMRSE_00000100>		
<http://purl.obolibrary.org/obo/PATO_0000384>	"A biological sex quality inhering in an individual or a population whose sex organs contain only male gametes."	
<http://purl.obolibrary.org/obo/ORCS_00000030>		
<http://purl.obolibrary.org/obo/ORCS_00000066>		
<http://purl.obolibrary.org/obo/ORCS_00000054>		
<http://purl.obolibrary.org/obo/UBERON_0002113>	"A paired organ of the urinary tract which has the production of urine as its primary function."	"GAID:423 http://en.wikipedia.org/wiki/Reniculate_kidney http://www.snomedbrowser.com/Codes/Details/181414000 BTO:0000671 http://anatomy.uams.edu/anatomyhtml/kidney.html MAT:0000119 OpenCyc:Mx4rvVjlYpwpEbGdrcN5Y29ycA EFO:0000929 EMAPA:17373 MESH:D007668 UMLS:C0022646 MA:0000368 EV:0100096 CALOHA:TS-0510 FMA:7203 NCIT:C12415 galen:Kidney http://linkedlifedata.com/resource/umls/id/C0022646 http://en.wikipedia.org/wiki/Kidney MIAA:0000119 AAO:0000250 XAO:0003267"
<http://purl.obolibrary.org/obo/UBERON_0004921>	"A proximal-distal subdivision of the digestive tract."	"FBbt:00100315 FMA:71131 http://orcid.org/0000-0002-6601-2165"
<http://purl.obolibrary.org/obo/UBERON_0005399>	"A sex gland that is part of a male reproductive system."	"EMAPA:19285 MA:0000399 OBOL:automatic BTO:0000080"
<http://purl.obolibrary.org/obo/ORCS_00000129>	"A PCORnet racial identity information content entity that is about some person's identifying as Native Hawaiian or other Pacific Islander, which is intended to mean having origins in any of the original peoples of Hawaii, Guam, Samoa, or other Pacific Islands."@en	
<http://purl.obolibrary.org/obo/UBERON_0002358>	"A serous membrane that lines the peritoneal cavity[VHOG,modified]."	"http://linkedlifedata.com/resource/umls/id/C0031153 MESH:A01.047.025.600 galen:Peritoneum XAO:0000139 MA:0000449 VHOG:0001257 CALOHA:TS-2072 AAO:0010814 ZFA:0005120 GAID:18 FMA:9584 TAO:0005120 OpenCyc:Mx4rvjJ72ZwpEbGdrcN5Y29ycA http://en.wikipedia.org/wiki/Peritoneum BTO:0001472 EV:0100087 UMLS:C0031153 NCIT:C12770"
<http://purl.obolibrary.org/obo/UBERON_0000456>	"A portion of organism substance that is produced by exocrine glands."	"EMAPA:36535 BTO:0002977 BTO:0002979 http://orcid.org/0000-0002-6601-2165 FMA:9675 http://linkedlifedata.com/resource/umls/id/C1516992 galen:Secretion AEO:0001005 UMLS:C1516992 MA:0002504 MESH:D012634 NCIT:C34062"
<http://purl.obolibrary.org/obo/ORCS_00000133>	"A PCORnet sexual orientation identity information content entity that is about some person's identifying as having a sexual orientation referred to by the PCORnet CDM with the term \"bisexual.\""@en	
<http://purl.obolibrary.org/obo/ORCS_00000083>	"A PCORnet data item that is about a skilled nursing facility from which a patient was discharged prior to admission."@en	
<http://purl.obolibrary.org/obo/OGMS_0000096>	"A planned process with the objective to improve the health status of a patient that directly involves the treatment, diagnosis, or prevention of disease or injury of a patient"@en	
<http://purl.obolibrary.org/obo/UBERON_0006539>	"A substance that is secreted by a mammary gland. The substance may differ depending on phase, with colostrum produced during pregancy/early lactation, and milk produced afterwards."	"http://orcid.org/0000-0002-6601-2165 EMAPA:36538 MA:0002505"
<http://purl.obolibrary.org/obo/ORCS_00000134>	"A PCORnet sexual orientation identity information content entity that is about some person's identifying as having a sexual orientation referred to by the PCORnet CDM with the term \"gay.\""@en	
<http://purl.obolibrary.org/obo/UBERON_0000992>	"the gonad of a female organism which contains germ cells"	"AAO:0000371 MP:0001126 http://www.snomedbrowser.com/Codes/Details/181464007 OBOL:automatic EV:0100111 MESH:D010053 BSA:0000080 FBbt:00004865 ZFA:0000403 BTO:0000975 GO:0061039 MA:0000384 ISBN:0-683-40008-8 GAID:367 VHOG:0000251 EFO:0000973 CALOHA:TS-0730 EHDAA2:0001360 MIAA:0000125 FMA:7209 NCIT:C12404 http://en.wikipedia.org/wiki/Ovary EMAPA:17962 TAO:0000403 XAO:0000258 http://linkedlifedata.com/resource/umls/id/C0029939 BILA:0000125 UMLS:C0029939 EHDAA:8124 OpenCyc:Mx4rvVi9QJwpEbGdrcN5Y29ycA"
<http://purl.obolibrary.org/obo/UBERON_0017672>	"A viscus that is part of a abdomen."	"FMA:32413 FMA:67355 OBOL:automatic"
<http://purl.obolibrary.org/obo/UBERON_0013515>	"A section through the tube or network of tubes that connects the ovaries to the outside of the body."	"FMA:18302 http://orcid.org/0000-0002-6601-2165"
<http://purl.obolibrary.org/obo/PATO_0001421>	"A viability quality inhering in a bearer by virtue of the bearer's condition before death."	
<http://purl.obolibrary.org/obo/ENVO_00002004>	"An object which is large enough to be visible to humans, but small enough that humans can handle the object (i.e. transport it, examine it, etc) in its entirety with little to no technological assistance."	"MA:ma"
<http://purl.obolibrary.org/obo/UBERON_0001359>	"A clear, colorless, bodily fluid, that occupies the subarachnoid space and the ventricular system around and inside the brain and spinal cord."	"MAT:0000499 BTO:0000237 TAO:0002184 EHDAA2:0004441 CALOHA:TS-0130 MA:0002503 FMA:20935 ENVO:02000029 MESH:A12.207.268 ZFA:0001626 NCIT:C12692 UMLS:C0007806 EFO:0000329 EV:0100311 BIRNLEX:1798 http://linkedlifedata.com/resource/umls/id/C0007806 VHOG:0001278 GAID:1181 http://en.wikipedia.org/wiki/Cerebrospinal_fluid"
<http://purl.obolibrary.org/obo/ORCS_00000053>		
<http://purl.obolibrary.org/obo/UBERON_0000465>	"Anatomical entity that has mass."	"http://orcid.org/0000-0001-9114-8737 HAO:0000006 VHOG:0001721 AAO:0010264 FMA:67165 BILA:0000006 TAO:0001836 AEO:0000006 CARO:0000006 EHDAA2:0003006 TGMA:0001826 FBbt:00007016"
<http://purl.obolibrary.org/obo/ORCS_00000065>		
<http://purl.obolibrary.org/obo/IAO_0000028>		
<http://purl.obolibrary.org/obo/ORCS_00000146>	"An identifier that denotes a human being who is a bearer of a person healthcare provider role."@en	
<http://purl.obolibrary.org/obo/UBERON_0006925>	"Any gland that is part of the digestive system."	"UBERON:cjm BTO:0000345 AAO:0000130"
<http://purl.obolibrary.org/obo/IAO_0000650>	"A planned process which takes as input a database and fills another database by extracting concretizations of information entities from the first, transforming them, and loading the transformed concretizations into the second."@en	
<http://purl.obolibrary.org/obo/ORCS_00000099>	"A PCORnet gender identity information content entity that is about some person's identifying as transgender female, a trans woman, or male-to-female."@en	
<http://purl.obolibrary.org/obo/UBERON_0000970>	"An organ that detects light."	"MIAA:0000140 GAID:69 EFO:0000827 CALOHA:TS-0309 FBbt:00005162 BILA:0000017 http://en.wikipedia.org/wiki/Eye BTO:0000439 MESH:D005123 EV:0100336 https://orcid.org/0000-0002-6601-2165 OpenCyc:Mx4rvViTvpwpEbGdrcN5Y29ycA MAT:0000140"
<http://purl.obolibrary.org/obo/UBERON_0001264>	"An endoderm derived structure that produces precursors of digestive enzymes and blood glucose regulating enzymes[GO]."	"OpenCyc:Mx4rvVimZZwpEbGdrcN5Y29ycA EHDAA2:0001367 GO:0031016 http://linkedlifedata.com/resource/umls/id/C0030274 EFO:0000855 MAT:0000075 ZFA:0000140 http://www.snomedbrowser.com/Codes/Details/181277001 XAO:0000136 GAID:334 EMAPA:17503 VHOG:0000050 EHDAA:6893 MESH:D010179 BTO:0000988 CALOHA:TS-0736 FMA:7198 http://en.wikipedia.org/wiki/Pancreas TAO:0000140 NCIT:C12393 EV:0100092 MA:0000120 AAO:0010112 MIAA:0000075 galen:Pancreas UMLS:C0030274"
<http://purl.obolibrary.org/obo/ORCS_00000077>	"A PCORnet discharge status data item that is about a discharge process in which a patient is discharged under the care of a hospice organization."@en	
<http://purl.obolibrary.org/obo/ORCS_00000137>	"A PCORnet data item that is about an emergency department from which a patient was discharged prior to admission."@en	
<http://purl.obolibrary.org/obo/ORCS_00000078>	"A PCORnet discharge status data item that is about a discharge process in which a patient is discharged upon deciding to end the encounter against the advice of a healthcare provider."@en	
<http://purl.obolibrary.org/obo/UBERON_0000177>	"Pus is a bodily fluid consisting of a whitish-yellow or yellow substance produced during inflammatory responses of the body that can be found in regions of pyogenic bacterial infections. Pus is produced from the dead and living cells which travel into the intercellular spaces around the affected cells."	"ENVO:02000038 galen:Pus ncithesaurus:Pus OpenCyc:Mx4rvVjG6ZwpEbGdrcN5Y29ycA http://en.wikipedia.org/wiki/Pus"
<http://purl.obolibrary.org/obo/ORCS_00000098>	"A PCORnet gender identity information content entity that is about some person's identifying as some gender that is not referred to or described by the other value options for the \"gender identity\" field of the PCORnet Demographic Table."@en	
<http://purl.obolibrary.org/obo/ORCS_00000148>	"A PCORnet sexual orientation identity information content entity that is about some person's identifying as having a sexual orientation referred to by the PCORnet CDM with the term \"queer.\""@en	
<http://ncicb.nci.nih.gov/xml/owl/EVS/Thesaurus.owl#C49474>		
<http://purl.obolibrary.org/obo/UBERON_0001690>	"Sense organ in vertebrates that is specialized for the detection of sound, and the maintenance of balance. Includes the outer ear and middle ear, which collect and transmit sound waves; and the inner ear, which contains the organs of balance and (except in fish) hearing. Also includes the pinna, the visible part of the outer ear, present in some mammals."	"http://linkedlifedata.com/resource/umls/id/C0521421 MAT:0000138 EV:0100353 galen:Ear MA:0000236 UMLS:C0013443 EMAPA:16193 http://en.wikipedia.org/wiki/Ear EHDAA:502 OpenCyc:Mx4rvVjL05wpEbGdrcN5Y29ycA OpenCyc:Mx4rvViXS5wpEbGdrcN5Y29ycA MIAA:0000138 UMLS:C0521421 EFO:0000826 BTO:0000368 http://www.snomedbrowser.com/Codes/Details/1910005 XAO:0000189 CALOHA:TS-1165 VHOG:0000330 NCIT:C12394 MESH:D004423 http://uri.neuinfo.org/nif/nifstd/birnlex_1062 EHDAA2:0000423 FMA:52780 GAID:62 http://linkedlifedata.com/resource/umls/id/C0013443 AAO:0011014 GO:0042471"
<http://purl.obolibrary.org/obo/UBERON_0002368>	"Endocrine glands are glands of the endocrine system that secrete their products directly into the circulatory system rather than through a duct.[WP, modified]."	"EHDAA2:0003098 http://www.snomedbrowser.com/Codes/Details/40818001 FMA:9602 http://linkedlifedata.com/resource/umls/id/C0014133 NCIT:C12704 UMLS:C0014133 http://en.wikipedia.org/wiki/Endocrine_gland GAID:335 MESH:D004702 CALOHA:TS-1300 BTO:0001488 AEO:0000098 http://en.wikipedia.org/wiki/Ductless_gland OpenCyc:Mx4rvbkiRZwpEbGdrcN5Y29ycA MA:0002563 EMAPA:35999"
<http://purl.obolibrary.org/obo/UBERON_0002075>	"An organ that is located within the body cavity (or in its extension, in the scrotum); it consists of organ parts that are embryologically derived from endoderm, splanchnic mesoderm or intermediate mesoderm; together with other organs, the viscus constitutes the respiratory, gastrointestinal, urinary, reproductive and immune systems, or is the central organ of the cardiovascular system. Examples: heart, lung, esophagus, kidney, ovary, spleen."	"EMAPA:16245 http://en.wikipedia.org/wiki/Viscus MA:0000019 BTO:0001491 https://github.com/obophenotype/mouse-anatomy-ontology/issues/14 XAO:0003034 http://www.snomedbrowser.com/Codes/Details/118760003 MESH:D014781 EHDAA:512 FMA:7085 AAO:0010386 NCIT:C28287 UMLS:C0042779 RETIRED_EHDAA2:0002201 http://linkedlifedata.com/resource/umls/id/C0042779"
<http://purl.obolibrary.org/obo/ORCS_00000064>		
<http://purl.obolibrary.org/obo/ORCS_00000162>	"A PCORnet specimen source value name that is about some specimen of cerebrospinal fluid."@en	
<http://purl.obolibrary.org/obo/UBERON_0005178>	"An organ or element that is in the thoracic cavity. Examples: lung, heart, longus colli."	"http://orcid.org/0000-0002-6601-2165 MA:0000557 EMAPA:37273"
<http://purl.obolibrary.org/obo/ORCS_00000052>		
<http://purl.obolibrary.org/obo/ORCS_00000093>	"A PCORnet ethnic identity information content entity that is about some person's identifying as not Hispanic, where \"Hispanic\" is intended to mean being of Cuban, Mexican, Puerto Rican, South or Central American, or other Spanish culture or origin, regardless of race."@en	
<http://purl.obolibrary.org/obo/UBERON_0001705>	"A horn-like keratin structure covering the dorsal aspect of the terminal phalanges of fingers and toes[WP]."	"XAO:0003103 https://github.com/obophenotype/uberon/issues/120 http://www.snomedbrowser.com/Codes/Details/72651009 EV:0100159 http://linkedlifedata.com/resource/umls/id/C0027342 http://en.wikipedia.org/wiki/Nail_(anatomy) GAID:1320 MA:0002703 http://orcid.org/0000-0002-6601-2165 EFO:0000956 http://en.wikipedia.org/wiki/Claw CALOHA:TS-2034 MAT:0000158 MIAA:0000158 galen:Nail EMAPA:35580 NCIT:C33156 OpenCyc:Mx4rvVjJv5wpEbGdrcN5Y29ycA UMLS:C0027342 BTO:0001719 MESH:D009262 VHOG:0001361 FMA:54326"
<http://purl.obolibrary.org/obo/IAO_0021003>		
<http://purl.obolibrary.org/obo/ORCS_00000075>	"A PCORnet discharge status data item that is about a discharge process in which a patient is discharged to a rehabilitation facility."@en	
<http://purl.obolibrary.org/obo/UBERON_0000989>	"A intromittent organ in certain biologically male organisms. In placental mammals, this also serves as the organ of urination"	"BTO:0000405 MP:0005187 EMAPA_RETIRED:18996 MIAA:0000186 NCIT:C12409 EV:0100107 galen:Penis ISBN:0-683-40008-8 MA:0000408 http://www.snomedbrowser.com/Codes/Details/265793009 MESH:D010413 http://linkedlifedata.com/resource/umls/id/C0030851 FMA:9707 OpenCyc:Mx4rvVjkCZwpEbGdrcN5Y29ycA CALOHA:TS-0758 EFO:0000987 MAT:0000186 UMLS:C0030851 http://orcid.org/0000-0002-6601-2165 EMAPA:18682 EHDAA:9380 EHDAA2:0001433 http://en.wikipedia.org/wiki/Penis VHOG:0000727 GAID:389"
<http://purl.obolibrary.org/obo/ENVO_01000010>		
<http://purl.obolibrary.org/obo/UBERON_0006562>	"The pharynx is the part of the digestive system immediately posterior to the mouth[GO]."	"MIAA:0000049 GO:0060465 MAT:0000049 FBbt:00005380"
<http://purl.obolibrary.org/obo/ORCS_00000135>	"A PCORnet sexual orientation identity information content entity that is about some person's identifying as having a sexual orientation referred to by the PCORnet CDM with the term \"lesbian.\""@en	
<http://purl.obolibrary.org/obo/ORCS_00000040>		
<http://purl.obolibrary.org/obo/ORCS_00000132>	"A PCORnet sexual orientation identity information content entity that is about some person's identifying as having a sexual orientation referred to by the PCORnet CDM with the term \"asexual.\""@en	
<http://purl.obolibrary.org/obo/UBERON_0035943>	"A temporal boundary connecting two life cycle stages that follow in immediate succession. A temporal boundary is an abstract, instantaneous entity."	
<http://purl.obolibrary.org/obo/UBERON_0005173>	"An organ or element that is part of the adbominal segment of the organism. This region can be further subdivided into the abdominal cavity and the pelvic region."	"EMAPA:37062 http://orcid.org/0000-0002-6601-2165 MA:0000529"
<http://purl.obolibrary.org/obo/UBERON_0034929>	"A region or zone on the surface of an organism that encompasses skin and any adnexa, down through muscles and bounded by underlying skeletal support structures."	"http://orcid.org/0000-0002-6601-2165"
<http://purl.obolibrary.org/obo/UBERON_0002268>	"An organ that houses olfactory neurons and is responsible for the sense of smell. Examples include the vertebrate nose and the Drosophila dorsal organ."	"FBbt:00005158 FMA:77659 BTO:0001772 VHOG:0000287 XAO:0000273 AAO:0010180 UBERON:cjm"
<http://purl.obolibrary.org/obo/UBERON_0008811>	"An external organ of a male organism that is specialized to deliver sperm during copulation. Intromittent organs are found most often in terrestrial species, as most aquatic species fertilize their eggs externally, although there are exceptions[WP]."	"HAO:0000091 FBbt:00004850 TAO:0002036 AAO:0010255 http://en.wikipedia.org/wiki/Intromittent_organ TGMA:0000585"
<http://purl.obolibrary.org/obo/ORCS_00000149>	"A PCORnet sexual orientation identity information content entity that is about some person's identifying as having a sexual orientation referred to by the PCORnet CDM with the term \"queer.\""@en	
<http://purl.obolibrary.org/obo/UBERON_0007221>	"Of or pertaining to the period of time immediately following birth, or to the newborn."	"NIF_Organism:birnlex_695 MmusDv:0000096 BTO:0001762 HsapDv:0000082 EV:0300037 OGES:000025 http://neurolex.org/wiki/Category:Newborn_organism http://neurolex.org/wiki/Category:Infant_organism http://en.wikipedia.org/wiki/Infant"
<http://purl.obolibrary.org/obo/OGMS_0000099>	"TODO"@en	
<http://purl.obolibrary.org/obo/ORCS_00000161>	"A PCORnet specimen source value name that is about some specimen of blood plasma."@en	
<http://purl.obolibrary.org/obo/OMRSE_00000011>		
<http://purl.obolibrary.org/obo/ORCS_00000063>		
<http://purl.obolibrary.org/obo/UBERON_0000042>	"multi-tissue structure that is comprised of a secretory epithelial layer (mesothelium) and a connective tissue layer."	"http://en.wikipedia.org/wiki/Serous_membrane http://www.snomedbrowser.com/Codes/Details/362878009 GAID:19 NCIT:C13169 ZFA:0005425 FMA:9581 MESH:D012704 https://github.com/obophenotype/uberon/issues/86 UMLS:C0036760 TAO:0005425 http://linkedlifedata.com/resource/umls/id/C0036760"
<http://purl.obolibrary.org/obo/UBERON_0000479>	"Multicellular anatomical structure that consists of many cells of one or a few types, arranged in an extracellular matrix such that their long-range organisation is at least partly a repetition of their short-range organisation."	"WBbt:0005729 http://uri.neuinfo.org/nif/nifstd/birnlex_19 VHOG:0001757 galen:Tissue CARO:0000043 EMAPA:35868 http://linkedlifedata.com/resource/umls/id/C0040300 EHDAA2:0003043 AAO:0000607 TGMA:0001844 ZFA:0001477 MESH:D014024 FMA:9637 FBbt:00007003 NCIT:C12801 TAO:0001477 UMLS:C0040300 AEO:0000043 XAO:0003040 CALOHA:TS-2090 HAO:0000043 MA:0003002 BILA:0000043 AAO:0010054"
<http://purl.obolibrary.org/obo/ORCS_00000041>	"A centrally registered identifier that denotes a person in a PCORnet data mart and is used to link across tables. This identifier is not necessarily unique within PCORnet."@en	
<http://purl.obolibrary.org/obo/ORCS_00000069>	"A data item that is about a documentation activity that records either (i) that some healthcare encounter ends with a patient discharge; (ii) that some healthcare encounter is terminated by a patient without any patient discharge; or (iii) that some healthcare encounter continues while the patient remains in the same hospital and while the hospital is billing a healthcare payor for services after a specified period."@en	
<http://purl.obolibrary.org/obo/UBERON_0000991>	"Reproductive organ that produces and releases eggs (ovary) or sperm (testis)."	"WBbt:0005175 MESH:D006066 XAO:0003146 BILA:0000123 UMLS:C0018067 BTO:0000534 http://www.snomedbrowser.com/Codes/Details/304623008 FBbt:00004858 BSA:0000079 ISBN:0140512888 GAID:368 VHOG:0000397 MA:0002420 FMA:18250 HAO:0000379 OpenCyc:Mx4rwQvdiZwpEbGdrcN5Y29ycA TAO:0000413 AAO:0000213 http://en.wikipedia.org/wiki/Gonad ZFA:0000413 ZFIN:curator http://linkedlifedata.com/resource/umls/id/C0018067 NCIT:C12725 EMAPA:17383"
<http://purl.obolibrary.org/obo/ORCS_00000051>		
<http://purl.obolibrary.org/obo/UBERON_0001827>	"Aqueous substance secreted by the lacrimal gland."	"galen:Tears NCIT:C33739 http://en.wikipedia.org/wiki/Tear MA:0002508 galen:Tear MESH:D013666 FMA:59756 ENVO:02000034 UMLS:C0039409 EMAPA:36537 GAID:1173 CALOHA:TS-1016 http://linkedlifedata.com/resource/umls/id/C0039409 BTO:0001499 http://orcid.org/0000-0002-6601-2165"
<http://purl.obolibrary.org/obo/ORCS_00000042>	"a social act in which a patient is registered with a health care provider for the purposes of recieving care in an inpatient encounter"@en	
<http://purl.obolibrary.org/obo/UBERON_0000105>	"A spatiotemporal region encompassing some part of the life cycle of an organism."	"FMA:24120 EFO:0000399 MmusDv:0000000 XAO:1000000 ZFS:0100000 FBdv:00007012 HsapDv:0000000 PdumDv:0000090 BILS:0000105 ZFS:0000000 OlatDv:0000010 WBls:0000002 ncithesaurus:Developmental_Stage"
<http://purl.obolibrary.org/obo/UBERON_0002046>	"A two-lobed endocrine gland found in all vertebrates, located in front of and on either side of the trachea in humans, and producing various hormones, such as triiodothyronine and calcitonin[BTO]."	"galen:ThyroidGland MESH:D013961 UMLS:C0040132 OpenCyc:Mx4rvVjLT5wpEbGdrcN5Y29ycA EHDAA:2148 AAO:0010544 MA:0000129 CALOHA:TS-1047 http://www.snomedbrowser.com/Codes/Details/181117000 MIAA:0000081 http://linkedlifedata.com/resource/umls/id/C0040132 EFO:0000861 EV:0100133 NCIT:C12400 VHOG:0000418 FMA:9603 http://en.wikipedia.org/wiki/Thyroid MAT:0000081 XAO:0000162 BTO:0001379 GAID:465 EHDAA2:0002028 EHDAA:2975 EMAPA:17068"
<http://purl.obolibrary.org/obo/ORCS_00000094>	"A gender identity information content entity that uses the PCORnet CDM terminology for gender, where this terminology corresponds to values for the \"gender identity\" field of the Demographic Table."@en	
<http://purl.obolibrary.org/obo/UBERON_0003937>	"Any of the organized aggregations of cells that function as secretory or excretory organs and are associated with reproduction."	"MA:0001751 OBOL:automatic MP:0000653"
<http://purl.obolibrary.org/obo/UBERON_0000481>	"Anatomical structure that has as its parts two or more portions of tissue of at least two different types and which through specific morphogenetic processes forms a single distinct structural unit demarcated by bona-fide boundaries from other distinct structural units of different types."	"BILA:0000055 VHOG:0001762 FBbt:00007010 TGMA:0001847 http://orcid.org/0000-0001-9114-8737 AAO:0010048 ZFA:0001488 HAO:0000055 TAO:0001488 AEO:0000055 CARO:0000055 XAO:0003037 EHDAA2:0003055"
<http://purl.obolibrary.org/obo/OMRSE_00000132>		
<http://purl.obolibrary.org/obo/UBERON_0007794>	"Any fluid produced by a serous gland."	"http://en.wikipedia.org/wiki/Serous_fluid UBERON:cjm"
<http://purl.obolibrary.org/obo/OGMS_0000073>	"The representation of a conclusion of a diagnostic process."@en	
<http://purl.obolibrary.org/obo/UBERON_0000463>	"Material anatomical entity in a gaseous, liquid, semisolid or solid state; produced by anatomical structures or derived from inhaled and ingested substances that have been modified by anatomical structures as they pass through the body."	"NCIT:C13236 HAO:0000004 XAO:0004001 AEO:0000004 TAO:0001487 BILA:0000004 FBbt:00007019 ZFA:0001487 AAO:0010839 CALOHA:TS-2101 VHOG:0001726 TGMA:0001824 SPD:0000008 MA:0002450 CARO:0000004 galen:BodySubstance FMA:9669 EHDAA2:0003004 EMAPA:35178 http://orcid.org/0000-0001-9114-8737"
<http://purl.obolibrary.org/obo/IAO_0000027>		
<http://purl.obolibrary.org/obo/APOLLO_SV_00000376>	"A name of temporal region that designates a temporal boundary"@en	
<http://purl.obolibrary.org/obo/PATO_0000383>	"A biological sex quality inhering in an individual or a population that only produces gametes that can be fertilised by male gametes."	
<http://purl.obolibrary.org/obo/ORCS_00000067>	"An identifier that denotes a diagnosis."@en	
<http://purl.obolibrary.org/obo/ORCS_00000048>	"An outpatient encounter that occurs in an outpatient clinic, physician\noffice, ambulatory surgery facility, urgent care\nfacilitu, or a hospital encounters and\nthat does not occur in an emergency department facillity."@en	
<http://purl.obolibrary.org/obo/UBERON_0000174>	"A portion of organism substance that is the product of an excretion process that will be eliminated from the body. An excretion process is elimination by an organism of the waste products that arise as a result of metabolic activity"	"GO:0007588 ENVO:02000022 EHDAA2_RETIRED:0003184 http://orcid.org/0000-0002-6601-2165 BTO:0000491 galen:Excretion FMA:9674 AEO:0000184"
<http://purl.obolibrary.org/obo/ORCS_00000062>		
<http://purl.obolibrary.org/obo/ORCS_00000050>		
<http://purl.obolibrary.org/obo/UBERON_0001089>	"Secretion produced by a sweat gland."	"MA:0002539 GAID:1172 http://linkedlifedata.com/resource/umls/id/C0038984 ENVO:02000025 NCIT:C13280 http://en.wikipedia.org/wiki/Sweat UMLS:C0038984 OpenCyc:Mx4rvVjJtZwpEbGdrcN5Y29ycA BTO:0001254 FMA:12275 MESH:D013542"
<http://purl.obolibrary.org/obo/ORCS_00000151>	"A PCORnet sexual orientation identity information content entity that is about some person's identifying as having a sexual orientation referred to by the PCORnet CDM with the term \"straight.\""@en	
<http://purl.obolibrary.org/obo/UBERON_0005172>	"An organ or element that is in the abdomen. Examples: spleen, intestine, kidney, abdominal mammary gland."	"http://orcid.org/0000-0002-6601-2165 MA:0000522 http://www.snomedbrowser.com/Codes/Details/272631008"
<http://purl.obolibrary.org/obo/BFO_0000011>		
<http://purl.obolibrary.org/obo/UBERON_0000020>	"An organ that is capable of transducing sensory stimulus to the nervous system."	"EHDAA2:0001824 NCIT:C33224 VHOG:0001407 HAO:0000930 http://linkedlifedata.com/resource/umls/id/C0935626 GAID:63 BTO:0000202 EHDAA:500 https://github.com/obophenotype/uberon/issues/549 OBOL:automatic EMAPA:35955 UMLS:C0935626 FBbt:00005155 WBbt:0006929 https://orcid.org/0000-0002-6601-2165 BSA:0000121 AEO:0000094 OBOL:accepted CALOHA:TS-2043 MA:0000017 http://www.snomedbrowser.com/Codes/Details/244485009 MESH:D012679"
<http://purl.obolibrary.org/obo/ORCS_00000045>	"a diagnosis that is about some patient and that is the specified output of a diagnostic process that occurs during an inpatient encounter, after admission, and before discharge of that patient"@en	
<http://purl.obolibrary.org/obo/UBERON_0006538>	"A portion of organism substance that secreted_by a respiratory system."	"NCIT:C13722 EMAPA:36550 OBOL:automatic MA:0002533 UMLS:C1514899 http://linkedlifedata.com/resource/umls/id/C1514899"
<http://purl.obolibrary.org/obo/ORCS_00000100>	"A PCORnet gender identity information content entity that is about some person's identifying as transgender male, a trans man, or female-to-male."@en	
<http://purl.obolibrary.org/obo/UBERON_0000021>	"Anatomical projection that protrudes from the skin. Examples: hair, nail, feather, claw, hoof, horn, wattle, spur, beak, antler, bristle and some scales."	"CALOHA:TS-0051 https://orcid.org/0000-0002-6601-2165 FMA:71012 http://www.snomedbrowser.com/Codes/Details/276160000"
<http://purl.obolibrary.org/obo/OGMS_0000104>	"A health care process that involves the interpretation of a clinical picture from a given patient (input) and the assertion to the effect that the patient has a disease, disorder, or syndrome of a certain type, or none of these (output)."@en	
<http://purl.obolibrary.org/obo/PATO_0001422>	"A viability quality inhering in a bearer by virtue of the cessation of the bearer's life."	
<http://purl.obolibrary.org/obo/PATO_0000047>	"An organismal quality inhering in a bearer by virtue of the bearer's ability to undergo sexual reproduction in order to differentiate the individuals or types involved."	
<http://purl.obolibrary.org/obo/ORCS_00000158>	"A PCORnet specimen source value name that is about some blood serum or blood plasma samples."@en	
<http://purl.obolibrary.org/obo/UBERON_0010000>	"An anatomical structure that has more than one cell as a part."	"CARO:0010000 FBbt:00100313"
<http://purl.obolibrary.org/obo/BFO_0000038>		
<http://purl.obolibrary.org/obo/ORCS_00000061>		
<http://purl.obolibrary.org/obo/UBERON_0000002>	"Lower, narrow portion of the uterus where it joins with the top end of the vagina."	"BTO:0002249 MESH:D002584 http://orcid.org/0000-0002-6601-2165 FMA:TA MAT:0000292 galen:CervixUteri EFO:0000979 BTO:0001421 http://linkedlifedata.com/resource/umls/id/C0007874 http://www.snomedbrowser.com/Codes/Details/181453009 OpenCyc:Mx4rvVipEJwpEbGdrcN5Y29ycA FMA:17740 EMAPA:29927 http://en.wikipedia.org/wiki/Cervix EV:0100114 VHOG:0001359 GAID:376 CALOHA:TS-0134 MA:0000392 UMLS:C0007874 NCIT:C12311"
<http://purl.obolibrary.org/obo/ORCS_00000124>	"A racial identity information content entity that uses the PCORnet CDM terminology for race, where this terminology corresponds to the values for the \"race\" field of the Demographic Table."@en	
<http://purl.obolibrary.org/obo/UBERON_0000473>	"A gonad of a male animal. A gonad produces and releases sperm."	"VHOG:0000252 AAO:0000606 FMA:7210 EHDAA:8146 EFO:0000984 ZFA:0000598 http://orcid.org/0000-0002-6601-2165 MAT:0000132 galen:Testis EV:0100102 BSA:0000085 MIAA:0000132 MA:0000411 BILA:0000124 http://en.wikipedia.org/wiki/Testis BTO:0001363 FBbt:00004928 UMLS:C0039597 WBbt:0006794 EMAPA:17972 MESH:D013737 TAO:0000598 CALOHA:TS-1030 EHDAA2:0002007 GAID:396 XAO:0000157 NCIT:C12412 http://linkedlifedata.com/resource/umls/id/C0039597 http://www.snomedbrowser.com/Codes/Details/181431007 OpenCyc:Mx4rvVjM25wpEbGdrcN5Y29ycA OBOL:automatic HAO:0001007"
<http://purl.obolibrary.org/obo/UBERON_0000310>	"The upper ventral region of the torso of an organism."	"MESH:D001940 http://en.wikipedia.org/wiki/Breast BTO:0000149 NCIT:C12971 http://www.snomedbrowser.com/Codes/Details/181131000 FMA:9601 galen:Breast CALOHA:TS-2083 GAID:33 EV:0100124 http://linkedlifedata.com/resource/umls/id/C0006141 UMLS:C0006141 OpenCyc:Mx4rvVjV7ZwpEbGdrcN5Y29ycA"
<http://purl.obolibrary.org/obo/UBERON_0000955>	"The brain is the center of the nervous system in all vertebrate, and most invertebrate, animals. Some primitive animals such as jellyfish and starfish have a decentralized nervous system without a brain, while sponges lack any nervous system at all. In vertebrates, the brain is located in the head, protected by the skull and close to the primary sensory apparatus of vision, hearing, balance, taste, and smell[WP]."	"ZFA:0000008 GAID:571 MBA:8 EHDAA:2641 BAMS:Br EHDAA:6485 XAO:0000010 http://uri.neuinfo.org/nif/nifstd/birnlex_796 NeuroNames:21 http://www.snomedbrowser.com/Codes/Details/258335003 galen:Brain MIAA:0000098 EMAPA:16894 FMA:50801 http://braininfo.rprc.washington.edu/centraldirectory.aspx?ID=21 http://braininfo.rprc.washington.edu/centraldirectory.aspx?ID=21 ABA:Brain http://linkedlifedata.com/resource/umls/id/C1269537 UMLS:C1269537 BILA:0000135 EHDAA2:0000183 EFO:0000302 MAT:0000098 DHBA:10155 UMLS:C0006104 BAMS:Brain TAO:0000008 AAO:0010478 https://github.com/obophenotype/uberon/issues/300 HBA:4005 EV:0100164 OpenCyc:Mx4rvVjT65wpEbGdrcN5Y29ycA NCIT:C12439 MA:0000168 http://en.wikipedia.org/wiki/Brain FBbt:00005095 MESH:D001921 BTO:0000142 PBA:3999 VHOG:0000157 MBA:997 CALOHA:TS-0095 http://linkedlifedata.com/resource/umls/id/C0006104"
<http://purl.obolibrary.org/obo/UBERON_0001977>	"The portion of blood plasma that excludes clotting factors."	"EMAPA:35770 FMA:63083 BTO:0000133 UMLS:C0229671 http://en.wikipedia.org/wiki/Serum_(blood) http://linkedlifedata.com/resource/umls/id/C0229671 CALOHA:TS-0923 MA:0002502 EHDAA2:0004728 BTO:0001239 http://orcid.org/0000-0002-6601-2165 NCIT:C13325"
<http://purl.obolibrary.org/obo/PATO_0001894>		
<http://purl.obolibrary.org/obo/UBERON_0000014>	"Any portion of the organ that covers that body and consists of a layer of epidermis and a layer of dermis."	"FMA:86166 MAT:0000284 http://www.snomedbrowser.com/Codes/Details/20795001 MA:0000151 EV:0100152 MESH:D012867 EHDAA:6530 GAID:933 EHDAA2:0001844 VHOG:0000860 http://en.wikipedia.org/wiki/Skin OpenCyc:Mx4rvVjX3ZwpEbGdrcN5Y29ycA http://orcid.org/0000-0002-6601-2165 EMAPA:17525 MIAA:0000284"
<http://purl.obolibrary.org/obo/UBERON_0001836>	"A fluid produced in the oral cavity by salivary glands, typically used in predigestion, but also in other functions."	"ENVO:02000036 http://en.wikipedia.org/wiki/Saliva GAID:1167 OpenCyc:Mx4rvVjJ95wpEbGdrcN5Y29ycA MESH:D012463 galen:Saliva CALOHA:TS-0891 MAT:0000444 http://linkedlifedata.com/resource/umls/id/C0036087 BTO:0001202 FMA:59862 UMLS:C0036087 NCIT:C13275 EMAPA:36536 GO:0046541 MA:0002507"
<http://purl.obolibrary.org/obo/UBERON_0013522>		
<http://purl.obolibrary.org/obo/ORCS_00000082>	"A PCORnet data item that is about a home healthcare organization and the household from which a patient was discharged prior to admission."@en	
<http://purl.obolibrary.org/obo/ORCS_00000076>	"A PCORnet discharge status data item that is about a discharge process in which a patient is discharged to a residential facility."@en	
<http://purl.obolibrary.org/obo/ORCS_00000060>		
<http://purl.obolibrary.org/obo/BFO_0000001>		
<http://purl.obolibrary.org/obo/ORCS_00000138>	"A PCORnet data item that is about another department in the same hospital from which a patient was discharged prior to admission."@en	
<http://purl.obolibrary.org/obo/ORCS_00000091>	"An ethnic identity information content entity that uses PCORnet CDM terminology for ethnicity, where this terminology corresponds to values for the \"Hispanic\" field of the Demographic Table."@en	
<http://purl.obolibrary.org/obo/OGMS_0000100>	"TODO"@en	
<http://purl.obolibrary.org/obo/UBERON_0002107>	"An exocrine gland which secretes bile and functions in metabolism of protein and carbohydrate and fat, synthesizes substances involved in the clotting of the blood, synthesizes vitamin A, detoxifies poisonous substances, stores glycogen, and breaks down worn-out erythrocytes[GO]."	"GAID:288 ZFA:0000123 EFO:0000887 MAT:0000097 AAO:0010111 VHOG:0000257 MESH:D008099 EMAPA:16846 OpenCyc:Mx4rvVimppwpEbGdrcN5Y29ycA BTO:0000759 MIAA:0000097 http://en.wikipedia.org/wiki/Liver UMLS:C0023884 XAO:0000133 http://linkedlifedata.com/resource/umls/id/C0023884 EHDAA:2197 galen:Liver http://www.snomedbrowser.com/Codes/Details/181268008 EHDAA2:0000997 TAO:0000123 CALOHA:TS-0564 EV:0100089 FMA:7197 NCIT:C12392 MA:0000358"
<http://purl.obolibrary.org/obo/NCBITaxon_9606>		
<http://purl.obolibrary.org/obo/UBERON_0001037>	"A filament, mostly protein, that grows from follicles found in the dermis[WP]."	"http://en.wikipedia.org/wiki/Hair http://linkedlifedata.com/resource/umls/id/C0018494 UMLS:C0018494 GAID:71 EMAPA:18769 NCIT:C32705 OpenCyc:Mx4rvVjOX5wpEbGdrcN5Y29ycA-Mp88EdaAAACgycbRww BTO:0001501 MIAA:0000160 MA:0000155 MAT:0000160 http://www.snomedbrowser.com/Codes/Details/361702001 EFO:0000958 MESH:D006197 VHOG:0001191 CALOHA:TS-0430 EV:0100157 FMA:53667"
<http://purl.obolibrary.org/obo/ORCS_00000049>	"A health care encounter that occurs in an emergency department facillity and realizes the health care provider role of an organization and the emergency department function of the facility."@en	
<http://purl.obolibrary.org/obo/ORCS_00000070>	"A PCORnet discharge status data item that is about a discharge process in which a patient is discharged to a skilled nursing facility."@en	
<http://purl.obolibrary.org/obo/ORCS_00000074>	"A PCORnet discharge status data item that is about a discharge process in which a patient is discharged to a nursing home facility."@en	
<http://purl.obolibrary.org/obo/UBERON_0000071>	"End of the life of an organism."	"XAO:0000437 XtroDO:0000085"
<http://purl.obolibrary.org/obo/UBERON_0002530>	"an organ that functions as a secretory or excretory organ"	"FMA:7146 http://en.wikipedia.org/wiki/Gland FMA:86294 galen:Gland EHDAA:2161 UMLS:C1285092 HAO:0000375 AEO:0000096 http://www.snomedbrowser.com/Codes/Details/134358001 EFO:0000797 EHDAA2:0003096 OpenCyc:Mx4rwP3vyJwpEbGdrcN5Y29ycA FBbt:00100317 MA:0003038 MGI:csmith EMAPA:18425 BTO:0000522 WikipediaCategory:Glands NCIT:C13319 MIAA:0000021 http://orcid.org/0000-0002-6601-2165 EHDAA:4475 EHDAA:6522 AAO:0000212 MAT:0000021 http://linkedlifedata.com/resource/umls/id/C1285092 MP:0002163"
<http://purl.obolibrary.org/obo/UBERON_0034873>	"Any substance in the body or expelled from the body that is in a gaseous state."	"FMA:84580 http://orcid.org/0000-0002-6601-2165"
<http://purl.obolibrary.org/obo/ORCS_00000147>	"A PCORnet sexual orientation identity information content entity that is about some person's identifying as having multiple sexual orientations."@en	
<http://purl.obolibrary.org/obo/IAO_0020000>		
<http://purl.obolibrary.org/obo/UBERON_0013703>	"Anatomical projection that is part of the integumentl system."	"http://orcid.org/0000-0002-6601-2165"
<http://purl.obolibrary.org/obo/ORCS_00000028>		
<http://purl.obolibrary.org/obo/NCIT_C53489>		
<http://purl.obolibrary.org/obo/UBERON_0005177>	"An organ or element that part of the trunk region. The trunk region can be further subdividied into thoracic (including chest and thoracic cavity) and abdominal (including abdomen and pelbis) regions."	"EMAPA:37270 http://orcid.org/0000-0002-6601-2165 MA:0000516"
<http://purl.obolibrary.org/obo/UBERON_0007779>	"Any bodily fluid that has passed through a membrane such as the capillary wall, as a result of unbalanced hydrostatic and osmotic forces"	"ncithesaurus:Transudate MESH:D005122 http://medical-dictionary.thefreedictionary.com/transudate FMA:12276 GAID:1195"
<http://purl.obolibrary.org/obo/UBERON_0000061>	"Material anatomical entity that is a single connected structure with inherent 3D shape generated by coordinated expression of the organism's own genome."	"CARO:0000003 MA:0003000 AEO:0000003 http://www.snomedbrowser.com/Codes/Details/362889002 FMA:67135 http://dbpedia.org/ontology/AnatomicalStructure TAO:0000037 AAO:0010825 HAO:0000003 FMA:305751 ZFA:0000037 EHDAA2:0003003 TGMA:0001823 XAO:0003000 BILA:0000003 VHOG:0001759 MESH:D000825 GAID:781 FBbt:00007001 EMAPA:0"
<http://purl.obolibrary.org/obo/ORCS_00000081>	"A data item that is about a patient admission and the type of facility from which a patient was discharged prior to admission."@en	
<http://purl.obolibrary.org/obo/UBERON_0001988>	"Portion of semisolid bodily waste discharged through the anus[MW,modified]"	"http://en.wikipedia.org/wiki/Fewmet BTO:0000440 http://en.wikipedia.org/wiki/Cow_dung http://www.ncbi.nlm.nih.gov/pubmed/23285307 OpenCyc:Mx4rvVjJMZwpEbGdrcN5Y29ycA MAT:0000053 MA:0002509 galen:Feces http://en.wikipedia.org/wiki/Feces UMLS:C0015733 FMA:64183 http://en.wikipedia.org/wiki/Spraint http://linkedlifedata.com/resource/umls/id/C0015733 NCIT:C13234 ENVO:00002003 MIAA:0000053 http://www.merriam-webster.com/dictionary/feces MESH:D005243 http://en.wikipedia.org/wiki/Frass CALOHA:TS-2345 http://en.wikipedia.org/wiki/Guano GAID:1199"
<http://purl.obolibrary.org/obo/ORCS_00000125>	"A PCORnet racial identity information content entity that is about some person's identifying as American Indian or Alaska Native, which is intended to mean having origins in any of the original peoples of North and South America (including Central America), and maintains tribal affiliation or community attachment."@en	
<http://purl.obolibrary.org/obo/UBERON_0006003>	"Anatomical structure embedded in or located in the integument that is part of the integumental system. Examples: hair, follicles, skin glands, claws, nails, feathers."	"http://code.google.com/p/caro2/issues/detail?id=5 GO:GO EMAPA:37883 http://en.wikipedia.org/wiki/Skin_appendage http://orcid.org/0000-0002-6601-2165"
<http://purl.obolibrary.org/obo/ENVO_01000604>	"A vehicle is a mobile machine which transports people or cargo."	"https://en.wikipedia.org/wiki/Vehicle"
<http://purl.obolibrary.org/obo/BFO_0000148>		
<http://purl.obolibrary.org/obo/ORCS_00000164>	"A PCORnet specimen source value name that is about some cervical specimen."@en	
<http://purl.obolibrary.org/obo/ORCS_00000095>	"A PCORnet gender identity information content entity that is about some person's identifying as neither exclusively male nor exclusively female in gender."@en	
<http://purl.obolibrary.org/obo/RO_0002577>	"A material entity consisting of multiple components that are causally integrated."	
<http://purl.obolibrary.org/obo/UBERON_0000079>	"The organs associated with producing offspring in the gender that produces spermatozoa."	"FBbt:00004927 OBOL:automatic UMLS:C1963704 BTO:0000082 MP:0001145 MESH:D005837 OpenCyc:Mx4rvViCepwpEbGdrcN5Y29ycA GAID:386 UMLS:C0017422 TGMA:0000634 http://linkedlifedata.com/resource/umls/id/C0017422 MA:0000396 VHOG:0000725 WBbt:0008423 EHDAA2:0001054 EFO:0000970 CALOHA:TS-1310 NCIT:C12722 EHDAA:8136 FMA:45664 http://linkedlifedata.com/resource/umls/id/C1963704 http://www.snomedbrowser.com/Codes/Details/361340001 HAO:0000505 EV:0100101 XAO:0000155 EMAPA:17968 http://en.wikipedia.org/wiki/Male_reproductive_system_%28human%29"
<http://purl.obolibrary.org/obo/BFO_0000015>		
<http://purl.obolibrary.org/obo/ORCS_00000080>	"A PCORnet discharge status data item that is about a discharge process in which a patient is discharged (i) to a housing unit, and (ii) under the care of a home healthcare organization."@en	
<http://purl.obolibrary.org/obo/BFO_0000003>		
<http://purl.obolibrary.org/obo/APOLLO_SV_00000395>		
<http://purl.obolibrary.org/obo/ORCS_00000154>	"A health care encounter that first occurs as an emergency department visit and then becomes an inpatient hospital stay"@en	
<http://purl.obolibrary.org/obo/ORCS_00000039>		
<http://purl.obolibrary.org/obo/ORCS_00000140>	"An identifier that denotes a health care encounter and has part some symbol."@en	
<http://purl.obolibrary.org/obo/UBERON_0001155>	"Last portion of the large intestine before it becomes the rectum."	"FMA:14543 BTO:0000269 EMAPA:18939 galen:Colon CALOHA:TS-0158 MESH:A03.492.411.495.356 ZFIN:curator VHOG:0000648 http://orcid.org/0000-0002-6601-2165 ZFA:0000706 NCIT:C12382 UMLS:C0009368 MA:0000335 http://www.snomedbrowser.com/Codes/Details/302508007 TAO:0000706 AAO:0010400 XAO:0000243 OpenCyc:Mx4rvgLEM5wpEbGdrcN5Y29ycA http://en.wikipedia.org/wiki/Colon_(anatomy) MAP:0000001 http://linkedlifedata.com/resource/umls/id/C0009368 GAID:309 MAT:0000526 EFO:0000361 EV:0100079"
