?cls	?pred	?val	?synType
<http://purl.obolibrary.org/obo/ORCS_00000152>	<http://www.w3.org/2000/01/rdf-schema#label>	"patient PCORnet specimen source value name"@en	
<http://purl.obolibrary.org/obo/ORCS_00000053>	<http://www.w3.org/2000/01/rdf-schema#label>	"obsolete PCORnet lesbian identity datum"	
<http://purl.obolibrary.org/obo/APOLLO_SV_00000429>	<http://www.w3.org/2000/01/rdf-schema#label>	"date"@en	
<http://purl.obolibrary.org/obo/UBERON_0002048>	<http://www.w3.org/2000/01/rdf-schema#label>	"lung"	
<http://purl.obolibrary.org/obo/UBERON_0002106>	<http://www.w3.org/2000/01/rdf-schema#label>	"spleen"	
<http://purl.obolibrary.org/obo/UBERON_0000989>	<http://www.w3.org/2000/01/rdf-schema#label>	"penis"	
<http://purl.obolibrary.org/obo/UBERON_0003937>	<http://www.w3.org/2000/01/rdf-schema#label>	"reproductive gland"	
<http://purl.obolibrary.org/obo/ORCS_00000077>	<http://www.w3.org/2000/01/rdf-schema#label>	"PCORnet hospice discharge status data item"@en	
<http://purl.obolibrary.org/obo/OGMS_0000123>	<http://www.w3.org/2000/01/rdf-schema#label>	"clinical data item"@en	
<http://purl.obolibrary.org/obo/UBERON_0007311>	<http://www.w3.org/2000/01/rdf-schema#label>	"sputum"	
<http://purl.obolibrary.org/obo/UBERON_0000178>	<http://www.w3.org/2000/01/rdf-schema#label>	"blood"	
<http://purl.obolibrary.org/obo/NCIT_C53489>	<http://www.w3.org/2000/01/rdf-schema#label>	"obsolete Systematized Nomenclature of Medicine"	
<http://purl.obolibrary.org/obo/ORCS_00000145>	<http://www.w3.org/2000/01/rdf-schema#label>	"observation stay"@en	
<http://purl.obolibrary.org/obo/UBERON_0004921>	<http://www.w3.org/2000/01/rdf-schema#label>	"subdivision of digestive tract"	
<http://purl.obolibrary.org/obo/APOLLO_SV_00000376>	<http://www.w3.org/2000/01/rdf-schema#label>	"name of a temporal boundary"@en	
<http://purl.obolibrary.org/obo/UBERON_0001560>	<http://www.w3.org/2000/01/rdf-schema#label>	"neck of organ"	
<http://purl.obolibrary.org/obo/ORCS_00000148>	<http://www.w3.org/2000/01/rdf-schema#label>	"PCORnet queer identity information content entity"@en	
<http://purl.obolibrary.org/obo/ORCS_00000061>	<http://www.w3.org/2000/01/rdf-schema#label>	"obsolete PCORnet man identity datum"	
<http://purl.obolibrary.org/obo/PATO_0001422>	<http://www.w3.org/2000/01/rdf-schema#label>	"dead"	
<http://purl.obolibrary.org/obo/ORCS_00000071>	<http://www.w3.org/2000/01/rdf-schema#label>	"PCORnet adult foster home facility discharge status data item"@en	
<http://purl.obolibrary.org/obo/PATO_0000383>	<http://www.w3.org/2000/01/rdf-schema#label>	"female"	
<http://purl.obolibrary.org/obo/ORCS_00000027>	<http://www.w3.org/2000/01/rdf-schema#label>	"admitting diagnosis"@en	
<http://purl.obolibrary.org/obo/UBERON_0000977>	<http://www.w3.org/2000/01/rdf-schema#label>	"pleura"	
<http://purl.obolibrary.org/obo/ORCS_00000153>	<http://www.w3.org/2000/01/rdf-schema#label>	"provider PCORnet specimen source value name"@en	
<http://purl.obolibrary.org/obo/ORCS_00000096>	<http://www.w3.org/2000/01/rdf-schema#label>	"PCORnet man identity information content entity"@en	
<http://purl.obolibrary.org/obo/ORCS_00000163>	<http://www.w3.org/2000/01/rdf-schema#label>	"vagina PCORnet specimen source value name"@en	
<http://purl.obolibrary.org/obo/UBERON_0002530>	<http://www.w3.org/2000/01/rdf-schema#label>	"gland"	
<http://purl.obolibrary.org/obo/ORCS_00000081>	<http://www.w3.org/2000/01/rdf-schema#label>	"PCORnet admitting source data item"@en	
<http://purl.obolibrary.org/obo/UBERON_0000104>	<http://www.w3.org/2000/01/rdf-schema#label>	"life cycle"	
<http://purl.obolibrary.org/obo/UBERON_0000996>	<http://www.w3.org/2000/01/rdf-schema#label>	"vagina"	
<http://purl.obolibrary.org/obo/OGMS_0000073>	<http://www.w3.org/2000/01/rdf-schema#label>	"diagnosis"	
<http://purl.obolibrary.org/obo/ORCS_00000146>	<http://www.w3.org/2000/01/rdf-schema#label>	"PCORnet provider identifier"@en	
<http://purl.obolibrary.org/obo/UBERON_0013756>	<http://www.w3.org/2000/01/rdf-schema#label>	"venous blood"	
<http://purl.obolibrary.org/obo/UBERON_0000479>	<http://www.w3.org/2000/01/rdf-schema#label>	"tissue"	
<http://purl.obolibrary.org/obo/UBERON_0010000>	<http://www.w3.org/2000/01/rdf-schema#label>	"multicellular anatomical structure"	
<http://purl.obolibrary.org/obo/PATO_0000047>	<http://www.w3.org/2000/01/rdf-schema#label>	"biological sex"	
<http://purl.obolibrary.org/obo/UBERON_0000002>	<http://www.w3.org/2000/01/rdf-schema#label>	"uterine cervix"	
<http://purl.obolibrary.org/obo/UBERON_0005181>	<http://www.w3.org/2000/01/rdf-schema#label>	"thoracic segment organ"	
<http://purl.obolibrary.org/obo/UBERON_0000174>	<http://www.w3.org/2000/01/rdf-schema#label>	"excreta"	
<http://purl.obolibrary.org/obo/ORCS_00000072>	<http://www.w3.org/2000/01/rdf-schema#label>	"PCORnet assisted living facility discharge status data item"@en	
<http://purl.obolibrary.org/obo/ORCS_00000067>	<http://www.w3.org/2000/01/rdf-schema#label>	"PCORnet diagnosis identifier"@en	
<http://purl.obolibrary.org/obo/OGMS_0000096>	<http://www.w3.org/2000/01/rdf-schema#label>	"health care process"	
<http://purl.obolibrary.org/obo/ORCS_00000035>	<http://www.w3.org/2000/01/rdf-schema#label>	"obsolete PCORnet Native Hawaiian or other Pacific Islander identity datum"	
<http://purl.obolibrary.org/obo/UBERON_0000057>	<http://www.w3.org/2000/01/rdf-schema#label>	"urethra"	
<http://purl.obolibrary.org/obo/ORCS_00000140>	<http://www.w3.org/2000/01/rdf-schema#label>	"PCORnet health care encounter identifier"@en	
<http://purl.obolibrary.org/obo/UBERON_0035946>	<http://www.w3.org/2000/01/rdf-schema#label>	"start of neonate stage"	
<http://purl.obolibrary.org/obo/UBERON_0001836>	<http://www.w3.org/2000/01/rdf-schema#label>	"saliva"	
<http://purl.obolibrary.org/obo/UBERON_0001970>	<http://www.w3.org/2000/01/rdf-schema#label>	"bile"	
<http://purl.obolibrary.org/obo/ORCS_00000095>	<http://www.w3.org/2000/01/rdf-schema#label>	"PCORnet genderqueer/non-binary identity information content entity"@en	
<http://purl.obolibrary.org/obo/ORCS_00000164>	<http://www.w3.org/2000/01/rdf-schema#label>	"cervix PCORnet specimen source value name"@en	
<http://purl.obolibrary.org/obo/ORCS_00000048>	<http://www.w3.org/2000/01/rdf-schema#label>	"ambulatory visit"@en	
<http://purl.obolibrary.org/obo/ENVO_01000010>	<http://www.w3.org/2000/01/rdf-schema#label>	"abiotic mesoscopic physical object"	
<http://purl.obolibrary.org/obo/UBERON_0001969>	<http://www.w3.org/2000/01/rdf-schema#label>	"blood plasma"	
<http://purl.obolibrary.org/obo/UBERON_0001690>	<http://www.w3.org/2000/01/rdf-schema#label>	"ear"	
<http://purl.obolibrary.org/obo/ORCS_00000080>	<http://www.w3.org/2000/01/rdf-schema#label>	"PCORnet home health discharge status data item"@en	
<http://purl.obolibrary.org/obo/ORCS_00000092>	<http://www.w3.org/2000/01/rdf-schema#label>	"PCORnet Hispanic identity information content entity"@en	
<http://purl.obolibrary.org/obo/UBERON_0001089>	<http://www.w3.org/2000/01/rdf-schema#label>	"sweat"	
<http://purl.obolibrary.org/obo/UBERON_0002371>	<http://www.w3.org/2000/01/rdf-schema#label>	"bone marrow"	
<http://purl.obolibrary.org/obo/UBERON_0000456>	<http://www.w3.org/2000/01/rdf-schema#label>	"secretion of exocrine gland"	
<http://purl.obolibrary.org/obo/UBERON_0000021>	<http://www.w3.org/2000/01/rdf-schema#label>	"cutaneous appendage"	
<http://purl.obolibrary.org/obo/ORCS_00000042>	<http://www.w3.org/2000/01/rdf-schema#label>	"obsolete admission process"	
<http://purl.obolibrary.org/obo/UBERON_0000992>	<http://www.w3.org/2000/01/rdf-schema#label>	"ovary"	
<http://purl.obolibrary.org/obo/UBERON_0009564>	<http://www.w3.org/2000/01/rdf-schema#label>	"distal limb integumentary appendage"	
<http://purl.obolibrary.org/obo/UBERON_0002358>	<http://www.w3.org/2000/01/rdf-schema#label>	"peritoneum"	
<http://purl.obolibrary.org/obo/ORCS_00000066>	<http://www.w3.org/2000/01/rdf-schema#label>	"obsolete PCORnet woman identity datum"	
<http://purl.obolibrary.org/obo/ORCS_00000078>	<http://www.w3.org/2000/01/rdf-schema#label>	"PCORnet against medical advice discharge status data item"@en	
<http://purl.obolibrary.org/obo/ORCS_00000036>	<http://www.w3.org/2000/01/rdf-schema#label>	"obsolete PCORnet white identity datum"	
<http://purl.obolibrary.org/obo/UBERON_0034944>	<http://www.w3.org/2000/01/rdf-schema#label>	"zone of organ"	
<http://purl.obolibrary.org/obo/UBERON_0005172>	<http://www.w3.org/2000/01/rdf-schema#label>	"abdomen element"	
<http://purl.obolibrary.org/obo/ORCS_00000138>	<http://www.w3.org/2000/01/rdf-schema#label>	"PCORnet intra-hospital admitting source data item"@en	
<http://purl.obolibrary.org/obo/UBERON_0002268>	<http://www.w3.org/2000/01/rdf-schema#label>	"olfactory organ"	
<http://purl.obolibrary.org/obo/UBERON_0013515>	<http://www.w3.org/2000/01/rdf-schema#label>	"subdivision of oviduct"	
<http://purl.obolibrary.org/obo/ORCS_00000063>	<http://www.w3.org/2000/01/rdf-schema#label>	"obsolete PCORnet something else identity datum"	
<http://purl.obolibrary.org/obo/UBERON_0001968>	<http://www.w3.org/2000/01/rdf-schema#label>	"semen"	
<http://purl.obolibrary.org/obo/ORCS_00000059>	<http://www.w3.org/2000/01/rdf-schema#label>	"obsolete PCORnet gender identity datum"	
<http://purl.obolibrary.org/obo/ORCS_00000030>	<http://www.w3.org/2000/01/rdf-schema#label>	"obsolete PCORnet American Indian or Alaska Native identity datum"	
<http://purl.obolibrary.org/obo/BFO_0000203>	<http://www.w3.org/2000/01/rdf-schema#label>	"temporal instant"@en	
<http://purl.obolibrary.org/obo/ORCS_00000091>	<http://www.w3.org/2000/01/rdf-schema#label>	"PCORnet ethnic identity information content entity"@en	
<http://purl.obolibrary.org/obo/ORCS_00000160>	<http://www.w3.org/2000/01/rdf-schema#label>	"blood or tissue PCORnet specimen source value name"@en	
<http://purl.obolibrary.org/obo/ORCS_00000159>	<http://www.w3.org/2000/01/rdf-schema#label>	"serum, plasma, or blood PCORnet specimen source value name"@en	
<http://purl.obolibrary.org/obo/ORCS_00000155>	<http://www.w3.org/2000/01/rdf-schema#label>	"PCORnet medical procedure"@en	
<http://purl.obolibrary.org/obo/UBERON_0000020>	<http://www.w3.org/2000/01/rdf-schema#label>	"sense organ"	
<http://purl.obolibrary.org/obo/ORCS_00000043>	<http://www.w3.org/2000/01/rdf-schema#label>	"discharge diagnosis"@en	
<http://purl.obolibrary.org/obo/UBERON_0002107>	<http://www.w3.org/2000/01/rdf-schema#label>	"liver"	
<http://purl.obolibrary.org/obo/ORCS_00000126>	<http://www.w3.org/2000/01/rdf-schema#label>	"PCORnet Asian identity information content entity"@en	
<http://purl.obolibrary.org/obo/UBERON_0001705>	<http://www.w3.org/2000/01/rdf-schema#label>	"nail"	
<http://purl.obolibrary.org/obo/UBERON_0008811>	<http://www.w3.org/2000/01/rdf-schema#label>	"intromittent organ"	
<http://purl.obolibrary.org/obo/APOLLO_SV_00000242>	<http://www.w3.org/2000/01/rdf-schema#label>	"name of temporal interval"@en	
<http://purl.obolibrary.org/obo/UBERON_0001037>	<http://www.w3.org/2000/01/rdf-schema#label>	"strand of hair"	
<http://purl.obolibrary.org/obo/ORCS_00000139>	<http://www.w3.org/2000/01/rdf-schema#label>	"PCORnet ambulatory visit admitting source data item"@en	
<http://purl.obolibrary.org/obo/ORCS_00000135>	<http://www.w3.org/2000/01/rdf-schema#label>	"PCORnet lesbian identity information content entity"@en	
<http://purl.obolibrary.org/obo/ORCS_00000149>	<http://www.w3.org/2000/01/rdf-schema#label>	"PCORnet questioning sexual orientation identity information content entity"@en	
<http://purl.obolibrary.org/obo/ORCS_00000062>	<http://www.w3.org/2000/01/rdf-schema#label>	"obsolete PCORnet multiple genders datum"	
<http://purl.obolibrary.org/obo/ORCS_00000074>	<http://www.w3.org/2000/01/rdf-schema#label>	"PCORnet nursing home facility discharge status data item"@en	
<http://purl.obolibrary.org/obo/ENVO_00003074>	<http://www.w3.org/2000/01/rdf-schema#label>	"manufactured product"	
<http://purl.obolibrary.org/obo/PATO_0000384>	<http://www.w3.org/2000/01/rdf-schema#label>	"male"	
<http://purl.obolibrary.org/obo/UBERON_0001827>	<http://www.w3.org/2000/01/rdf-schema#label>	"secretion of lacrimal gland"	
<http://purl.obolibrary.org/obo/ORCS_00000130>	<http://www.w3.org/2000/01/rdf-schema#label>	"PCORnet white identity information content entity"@en	
<http://purl.obolibrary.org/obo/UBERON_0000064>	<http://www.w3.org/2000/01/rdf-schema#label>	"organ part"	
<http://purl.obolibrary.org/obo/ORCS_00000028>	<http://www.w3.org/2000/01/rdf-schema#label>	"obsolete PCORnet racial identity datum"	
<http://purl.obolibrary.org/obo/UBERON_0005399>	<http://www.w3.org/2000/01/rdf-schema#label>	"male reproductive gland"	
<http://purl.obolibrary.org/obo/BFO_0000202>	<http://www.w3.org/2000/01/rdf-schema#label>	"temporal interval"@en	
<http://purl.obolibrary.org/obo/UBERON_0010147>	<http://www.w3.org/2000/01/rdf-schema#label>	"male accessory sex gland"	
<http://purl.obolibrary.org/obo/ORCS_00000154>	<http://www.w3.org/2000/01/rdf-schema#label>	"emergency department admit to inpatient hospital stay"@en	
<http://purl.obolibrary.org/obo/ORCS_00000097>	<http://www.w3.org/2000/01/rdf-schema#label>	"PCORnet multiple gender categories identity information content entity"@en	
<http://purl.obolibrary.org/obo/ORCS_00000054>	<http://www.w3.org/2000/01/rdf-schema#label>	"obsolete PCORnet multiple sexual orientations identity datum"	
<http://purl.obolibrary.org/obo/UBERON_0000105>	<http://www.w3.org/2000/01/rdf-schema#label>	"life cycle stage"	
<http://purl.obolibrary.org/obo/UBERON_0000463>	<http://www.w3.org/2000/01/rdf-schema#label>	"organism substance"	
<http://purl.obolibrary.org/obo/UBERON_0000310>	<http://www.w3.org/2000/01/rdf-schema#label>	"breast"	
<http://purl.obolibrary.org/obo/ENVO_00002004>	<http://www.w3.org/2000/01/rdf-schema#label>	"mesoscopic physical object"	
<http://purl.obolibrary.org/obo/ENVO_00002004>	<http://www.w3.org/2000/01/rdf-schema#label>	"physical object of mesoscopic geological size"	
<http://purl.obolibrary.org/obo/UBERON_0005177>	<http://www.w3.org/2000/01/rdf-schema#label>	"trunk region element"	
<http://purl.obolibrary.org/obo/RO_0002577>	<http://www.w3.org/2000/01/rdf-schema#label>	"system"	
<http://purl.obolibrary.org/obo/ORCS_00000068>	<http://www.w3.org/2000/01/rdf-schema#label>	"DEPRECATED obsolete code set"	
<http://purl.obolibrary.org/obo/ORCS_00000073>	<http://www.w3.org/2000/01/rdf-schema#label>	"PCORnet other acute inpatient hospital discharge status data item"@en	
<http://purl.obolibrary.org/obo/OGMS_0000099>	<http://www.w3.org/2000/01/rdf-schema#label>	"outpatient encounter"	
<http://purl.obolibrary.org/obo/ENVO_01000254>	<http://www.w3.org/2000/01/rdf-schema#label>	"environmental system"	
<http://purl.obolibrary.org/obo/ORCS_00000131>	<http://www.w3.org/2000/01/rdf-schema#label>	"PCORnet sexual orientation identity information content entity"@en	
<http://purl.obolibrary.org/obo/UBERON_0035943>	<http://www.w3.org/2000/01/rdf-schema#label>	"life cycle temporal boundary"	
<http://purl.obolibrary.org/obo/ORCS_00000141>	<http://www.w3.org/2000/01/rdf-schema#label>	"PCORnet facility identifier"@en	
<http://purl.obolibrary.org/obo/UBERON_0012168>	<http://www.w3.org/2000/01/rdf-schema#label>	"umbilical cord blood"	
<http://purl.obolibrary.org/obo/UBERON_0000481>	<http://www.w3.org/2000/01/rdf-schema#label>	"multi-tissue structure"	
<http://purl.obolibrary.org/obo/ORCS_00000039>	<http://www.w3.org/2000/01/rdf-schema#label>	"obsolete PCORnet not Hispanic identity datum"	
<http://purl.obolibrary.org/obo/ORCS_00000098>	<http://www.w3.org/2000/01/rdf-schema#label>	"PCORnet something else gender identity information content entity"@en	
<http://purl.obolibrary.org/obo/ORCS_00000165>	<http://www.w3.org/2000/01/rdf-schema#label>	"pericardial fluid PCORnet specimen source value name"@en	
<http://purl.obolibrary.org/obo/UBERON_0002409>	<http://www.w3.org/2000/01/rdf-schema#label>	"pericardial fluid"	
<http://purl.obolibrary.org/obo/ORCS_00000150>	<http://www.w3.org/2000/01/rdf-schema#label>	"PCORnet something else sexual orientation identity information content entity"@en	
<http://purl.obolibrary.org/obo/ORCS_00000093>	<http://www.w3.org/2000/01/rdf-schema#label>	"PCORnet non-Hispanic identity information content entity"@en	
<http://purl.obolibrary.org/obo/UBERON_0000079>	<http://www.w3.org/2000/01/rdf-schema#label>	"male reproductive system"	
<http://purl.obolibrary.org/obo/ORCS_00000162>	<http://www.w3.org/2000/01/rdf-schema#label>	"cerebrospinal fluid PCORnet specimen source value name"@en	
<http://purl.obolibrary.org/obo/UBERON_0000022>	<http://www.w3.org/2000/01/rdf-schema#label>	"feather"	
<http://purl.obolibrary.org/obo/UBERON_0001062>	<http://www.w3.org/2000/01/rdf-schema#label>	"anatomical entity"	
<http://purl.obolibrary.org/obo/ORCS_00000050>	<http://www.w3.org/2000/01/rdf-schema#label>	"obsolete sexual orientation identity datum"	
<http://purl.obolibrary.org/obo/ORCS_00000049>	<http://www.w3.org/2000/01/rdf-schema#label>	"deprecated emergency department encounter"@en	
<http://purl.obolibrary.org/obo/ORCS_00000045>	<http://www.w3.org/2000/01/rdf-schema#label>	"interim diagnosis"@en	
<http://purl.obolibrary.org/obo/UBERON_0005178>	<http://www.w3.org/2000/01/rdf-schema#label>	"thoracic cavity element"	
<http://purl.obolibrary.org/obo/UBERON_0002113>	<http://www.w3.org/2000/01/rdf-schema#label>	"kidney"	
<http://purl.obolibrary.org/obo/IAO_0000650>	<http://www.w3.org/2000/01/rdf-schema#label>	"database extract, transform, and load process"@en	
<http://purl.obolibrary.org/obo/ORCS_00000069>	<http://www.w3.org/2000/01/rdf-schema#label>	"PCORnet discharge status data item"@en	
<http://purl.obolibrary.org/obo/UBERON_0001988>	<http://www.w3.org/2000/01/rdf-schema#label>	"feces"	
<http://purl.obolibrary.org/obo/ORCS_00000079>	<http://www.w3.org/2000/01/rdf-schema#label>	"PCORnet still in hospital discharge status data item"@en	
<http://purl.obolibrary.org/obo/UBERON_0007779>	<http://www.w3.org/2000/01/rdf-schema#label>	"transudate"	
<http://purl.obolibrary.org/obo/ORCS_00000037>	<http://www.w3.org/2000/01/rdf-schema#label>	"obsolete PCORnet multiple race identity datum"	
<http://purl.obolibrary.org/obo/ORCS_00000142>	<http://www.w3.org/2000/01/rdf-schema#label>	"institutional professional consult"@en	
<http://purl.obolibrary.org/obo/UBERON_0034947>	<http://www.w3.org/2000/01/rdf-schema#label>	"gas in respiratory system"	
<http://purl.obolibrary.org/obo/ORCS_00000064>	<http://www.w3.org/2000/01/rdf-schema#label>	"obsolete PCORnet transgenderfemale/transwoman/male-to-female identity datum"	
<http://purl.obolibrary.org/obo/UBERON_0000165>	<http://www.w3.org/2000/01/rdf-schema#label>	"mouth"	
<http://purl.obolibrary.org/obo/ORCS_00000031>	<http://www.w3.org/2000/01/rdf-schema#label>	"obsolete PCORnet Asian identity datum"	
<http://purl.obolibrary.org/obo/OGMS_0000031>	<http://www.w3.org/2000/01/rdf-schema#label>	"disease"	
<http://purl.obolibrary.org/obo/UBERON_0002368>	<http://www.w3.org/2000/01/rdf-schema#label>	"endocrine gland"	
<http://purl.obolibrary.org/obo/ORCS_00000161>	<http://www.w3.org/2000/01/rdf-schema#label>	"blood plasma PCORnet specimen source value name"@en	
<http://purl.obolibrary.org/obo/ORCS_00000156>	<http://www.w3.org/2000/01/rdf-schema#label>	"PCORnet specimen source value name"@en	
<http://purl.obolibrary.org/obo/UBERON_0013703>	<http://www.w3.org/2000/01/rdf-schema#label>	"integumentary projection"	
<http://purl.obolibrary.org/obo/ORCS_00000044>	<http://www.w3.org/2000/01/rdf-schema#label>	"final diagnosis"@en	
<http://purl.obolibrary.org/obo/ORCS_00000056>	<http://www.w3.org/2000/01/rdf-schema#label>	"obsolete PCORnet questioning identity datum"	
<http://purl.obolibrary.org/obo/UBERON_0001155>	<http://www.w3.org/2000/01/rdf-schema#label>	"colon"	
<http://purl.obolibrary.org/obo/ORCS_00000127>	<http://www.w3.org/2000/01/rdf-schema#label>	"PCORnet black or African American identity information content entity"@en	
<http://purl.obolibrary.org/obo/ORCS_00000123>	<http://www.w3.org/2000/01/rdf-schema#label>	"PCORnet woman identity information content entity"@en	
<http://purl.obolibrary.org/obo/UBERON_0006003>	<http://www.w3.org/2000/01/rdf-schema#label>	"integumentary adnexa"	
<http://purl.obolibrary.org/obo/ORCS_00000041>	<http://www.w3.org/2000/01/rdf-schema#label>	"PCORnet patient identifier"@en	
<http://purl.obolibrary.org/obo/UBERON_0002046>	<http://www.w3.org/2000/01/rdf-schema#label>	"thyroid gland"	
<http://purl.obolibrary.org/obo/UBERON_0000042>	<http://www.w3.org/2000/01/rdf-schema#label>	"serous membrane"	
<http://purl.obolibrary.org/obo/UBERON_0006538>	<http://www.w3.org/2000/01/rdf-schema#label>	"respiratory system fluid/secretion"	
<http://purl.obolibrary.org/obo/UBERON_0007794>	<http://www.w3.org/2000/01/rdf-schema#label>	"secretion of serous gland"	
<http://purl.obolibrary.org/obo/ORCS_00000136>	<http://www.w3.org/2000/01/rdf-schema#label>	"Internationalized Resource Identifier"@en	
<http://purl.obolibrary.org/obo/UBERON_0006858>	<http://www.w3.org/2000/01/rdf-schema#label>	"adrenal/interrenal gland"	
<http://purl.obolibrary.org/obo/ORCS_00000065>	<http://www.w3.org/2000/01/rdf-schema#label>	"obsolete PCORnet transgendermale/transman/female-to-male identity datum"	
<http://purl.obolibrary.org/obo/UBERON_0036017>	<http://www.w3.org/2000/01/rdf-schema#label>	"regurgitated substance"	
<http://purl.obolibrary.org/obo/ORCS_00000075>	<http://www.w3.org/2000/01/rdf-schema#label>	"PCORnet rehabilitation facility discharge status data item"@en	
<http://purl.obolibrary.org/obo/UBERON_0006925>	<http://www.w3.org/2000/01/rdf-schema#label>	"digestive system gland"	
<http://purl.obolibrary.org/obo/ENVO_00003075>	<http://www.w3.org/2000/01/rdf-schema#label>	"anthropogenic abiotic mesoscopic feature"	
<http://purl.obolibrary.org/obo/UBERON_0000004>	<http://www.w3.org/2000/01/rdf-schema#label>	"nose"	
<http://purl.obolibrary.org/obo/ORCS_00000133>	<http://www.w3.org/2000/01/rdf-schema#label>	"PCORnet bisexual identity information content entity"@en	
<http://purl.obolibrary.org/obo/ORCS_00000032>	<http://www.w3.org/2000/01/rdf-schema#label>	"obsolete PCORnet item"	
<http://purl.obolibrary.org/obo/ORCS_00000032>	<http://www.w3.org/2000/01/rdf-schema#label>	"obsolete PCORnet black or African American identity datum"	
<http://purl.obolibrary.org/obo/PATO_0001894>	<http://www.w3.org/2000/01/rdf-schema#label>	"phenotypic sex"	
<http://purl.obolibrary.org/obo/ORCS_00000157>	<http://www.w3.org/2000/01/rdf-schema#label>	"serum, plasma, or urine PCORnet specimen source value name"@en	
<http://purl.obolibrary.org/obo/UBERON_0002367>	<http://www.w3.org/2000/01/rdf-schema#label>	"prostate gland"	
<http://purl.obolibrary.org/obo/ORCS_00000100>	<http://www.w3.org/2000/01/rdf-schema#label>	"PCORnet transgender male/trans man/female-to-male identity information content entity"@en	
<http://purl.obolibrary.org/obo/UBERON_0000061>	<http://www.w3.org/2000/01/rdf-schema#label>	"anatomical structure"	
<http://purl.obolibrary.org/obo/ORCS_00000055>	<http://www.w3.org/2000/01/rdf-schema#label>	"obsolete PCORnet queer identity datum"	
<http://purl.obolibrary.org/obo/UBERON_0000014>	<http://www.w3.org/2000/01/rdf-schema#label>	"zone of skin"	
<http://purl.obolibrary.org/obo/ORCS_00000128>	<http://www.w3.org/2000/01/rdf-schema#label>	"PCORnet multiple race identity information content entity"@en	
<http://purl.obolibrary.org/obo/ORCS_00000124>	<http://www.w3.org/2000/01/rdf-schema#label>	"PCORnet racial identity information content entity"@en	
<http://purl.obolibrary.org/obo/ORCS_00000082>	<http://www.w3.org/2000/01/rdf-schema#label>	"PCORnet home health admitting source data item"@en	
<http://purl.obolibrary.org/obo/ORCS_00000151>	<http://www.w3.org/2000/01/rdf-schema#label>	"PCORnet straight identity information content entity"@en	
<http://purl.obolibrary.org/obo/ORCS_00000040>	<http://www.w3.org/2000/01/rdf-schema#label>	"obsolete PCORnet ethnic identity datum"	
<http://purl.obolibrary.org/obo/ORCS_00000052>	<http://www.w3.org/2000/01/rdf-schema#label>	"obsolete PCORnet gay identity datum"	
<http://purl.obolibrary.org/obo/UBERON_0006539>	<http://www.w3.org/2000/01/rdf-schema#label>	"mammary gland fluid/secretion"	
<http://purl.obolibrary.org/obo/UBERON_0006314>	<http://www.w3.org/2000/01/rdf-schema#label>	"bodily fluid"	
<http://purl.obolibrary.org/obo/UBERON_0000945>	<http://www.w3.org/2000/01/rdf-schema#label>	"stomach"	
<http://purl.obolibrary.org/obo/UBERON_0010172>	<http://www.w3.org/2000/01/rdf-schema#label>	"bulb of aorta"	
<http://purl.obolibrary.org/obo/ORCS_00000147>	<http://www.w3.org/2000/01/rdf-schema#label>	"PCORnet multiple sexual orientations identity information content entity"@en	
<http://purl.obolibrary.org/obo/ORCS_00000076>	<http://www.w3.org/2000/01/rdf-schema#label>	"PCORnet residential facility discharge status data item"@en	
<http://purl.obolibrary.org/obo/ORCS_00000132>	<http://www.w3.org/2000/01/rdf-schema#label>	"PCORnet asexual identity information content entity"@en	
<http://purl.obolibrary.org/obo/UBERON_0000177>	<http://www.w3.org/2000/01/rdf-schema#label>	"pus"	
<http://purl.obolibrary.org/obo/ORCS_00000144>	<http://www.w3.org/2000/01/rdf-schema#label>	"PCORnet absent without leave discharge status data item"@en	
<http://purl.obolibrary.org/obo/UBERON_0007109>	<http://www.w3.org/2000/01/rdf-schema#label>	"meconium"	
<http://purl.obolibrary.org/obo/PATO_0001421>	<http://www.w3.org/2000/01/rdf-schema#label>	"alive"	
<http://purl.obolibrary.org/obo/ORCS_00000099>	<http://www.w3.org/2000/01/rdf-schema#label>	"PCORnet transgender female/trans woman/male-to-female identity information content entity"@en	
<http://purl.obolibrary.org/obo/UBERON_0000172>	<http://www.w3.org/2000/01/rdf-schema#label>	"vomit"	
<http://purl.obolibrary.org/obo/ORCS_00000070>	<http://www.w3.org/2000/01/rdf-schema#label>	"PCORnet skilled nursing facility discharge status data item"@en	
<http://purl.obolibrary.org/obo/UBERON_0001264>	<http://www.w3.org/2000/01/rdf-schema#label>	"pancreas"	
<http://purl.obolibrary.org/obo/UBERON_0001052>	<http://www.w3.org/2000/01/rdf-schema#label>	"rectum"	
<http://purl.obolibrary.org/obo/UBERON_0035944>	<http://www.w3.org/2000/01/rdf-schema#label>	"life-death temporal boundary"	
<http://purl.obolibrary.org/obo/UBERON_0034929>	<http://www.w3.org/2000/01/rdf-schema#label>	"external soft tissue zone"	
<http://purl.obolibrary.org/obo/UBERON_0002075>	<http://www.w3.org/2000/01/rdf-schema#label>	"viscus"	
<http://purl.obolibrary.org/obo/UBERON_0001359>	<http://www.w3.org/2000/01/rdf-schema#label>	"cerebrospinal fluid"	
<http://purl.obolibrary.org/obo/ORCS_00000083>	<http://www.w3.org/2000/01/rdf-schema#label>	"PCORnet skilled nursing facility admitting source data item"@en	
<http://purl.obolibrary.org/obo/UBERON_0000071>	<http://www.w3.org/2000/01/rdf-schema#label>	"death stage"	
<http://purl.obolibrary.org/obo/UBERON_0000970>	<http://www.w3.org/2000/01/rdf-schema#label>	"eye"	
<http://purl.obolibrary.org/obo/UBERON_0013522>	<http://www.w3.org/2000/01/rdf-schema#label>	"subdivision of tube"	
<http://purl.obolibrary.org/obo/UBERON_0003133>	<http://www.w3.org/2000/01/rdf-schema#label>	"reproductive organ"	
<http://purl.obolibrary.org/obo/UBERON_0007221>	<http://www.w3.org/2000/01/rdf-schema#label>	"neonate stage"	
<http://purl.obolibrary.org/obo/ORCS_00000046>	<http://www.w3.org/2000/01/rdf-schema#label>	"PCORnet racial identification process"@en	
<http://purl.obolibrary.org/obo/ORCS_00000051>	<http://www.w3.org/2000/01/rdf-schema#label>	"obsolete inpatient hospital encounter"	
<http://purl.obolibrary.org/obo/ORCS_00000051>	<http://www.w3.org/2000/01/rdf-schema#label>	"obsolete PCORnet asexual identity datum"	
<http://purl.obolibrary.org/obo/UBERON_0017672>	<http://www.w3.org/2000/01/rdf-schema#label>	"abdominal viscera"	
<http://purl.obolibrary.org/obo/ENVO_01000604>	<http://www.w3.org/2000/01/rdf-schema#label>	"vehicle"@en	
<http://purl.obolibrary.org/obo/UBERON_0000995>	<http://www.w3.org/2000/01/rdf-schema#label>	"uterus"	
<http://purl.obolibrary.org/obo/ORCS_00000143>	<http://www.w3.org/2000/01/rdf-schema#label>	"non-acute institutional stay"@en	
<http://ncicb.nci.nih.gov/xml/owl/EVS/Thesaurus.owl#C49474>	<http://www.w3.org/2000/01/rdf-schema#label>	"obsolete International Classification of Diseases"	
<http://purl.obolibrary.org/obo/UBERON_0013755>	<http://www.w3.org/2000/01/rdf-schema#label>	"arterial blood"	
<http://purl.obolibrary.org/obo/UBERON_0005173>	<http://www.w3.org/2000/01/rdf-schema#label>	"abdominal segment element"	
<http://purl.obolibrary.org/obo/UBERON_0000173>	<http://www.w3.org/2000/01/rdf-schema#label>	"amniotic fluid"	
<http://purl.obolibrary.org/obo/UBERON_0000473>	<http://www.w3.org/2000/01/rdf-schema#label>	"testis"	
<http://purl.obolibrary.org/obo/ORCS_00000038>	<http://www.w3.org/2000/01/rdf-schema#label>	"obsolete PCORnet Hispanic identity datum"	
<http://purl.obolibrary.org/obo/ORCS_00000034>	<http://www.w3.org/2000/01/rdf-schema#label>	"obsolete PCORnet item"@en	
<http://purl.obolibrary.org/obo/PATO_0001995>	<http://www.w3.org/2000/01/rdf-schema#label>	"organismal quality"	
<http://purl.obolibrary.org/obo/UBERON_0002369>	<http://www.w3.org/2000/01/rdf-schema#label>	"adrenal gland"	
<http://purl.obolibrary.org/obo/ORCS_00000094>	<http://www.w3.org/2000/01/rdf-schema#label>	"PCORnet gender identity information content entity"@en	
<http://purl.obolibrary.org/obo/UBERON_0001913>	<http://www.w3.org/2000/01/rdf-schema#label>	"milk"	
<http://purl.obolibrary.org/obo/ORCS_00000047>	<http://www.w3.org/2000/01/rdf-schema#label>	"obsolete PCORnet sexual orientation identity datum"	
<http://purl.obolibrary.org/obo/UBERON_0034873>	<http://www.w3.org/2000/01/rdf-schema#label>	"bodily gas"	
<http://purl.obolibrary.org/obo/ORCS_00000057>	<http://www.w3.org/2000/01/rdf-schema#label>	"obsolete PCORnet something else identity datum"	
<http://purl.obolibrary.org/obo/UBERON_0001088>	<http://www.w3.org/2000/01/rdf-schema#label>	"urine"	
<http://purl.obolibrary.org/obo/UBERON_0006562>	<http://www.w3.org/2000/01/rdf-schema#label>	"pharynx"	
<http://purl.obolibrary.org/obo/PATO_0000169>	<http://www.w3.org/2000/01/rdf-schema#label>	"viability"	
<http://purl.obolibrary.org/obo/UBERON_0000465>	<http://www.w3.org/2000/01/rdf-schema#label>	"material anatomical entity"	
<http://purl.obolibrary.org/obo/UBERON_0000991>	<http://www.w3.org/2000/01/rdf-schema#label>	"gonad"	
<http://purl.obolibrary.org/obo/ORCS_00000134>	<http://www.w3.org/2000/01/rdf-schema#label>	"PCORnet gay identity information content entity"@en	
<http://purl.obolibrary.org/obo/UBERON_0000179>	<http://www.w3.org/2000/01/rdf-schema#label>	"haemolymphatic fluid"	
<http://purl.obolibrary.org/obo/ORCS_00000033>	<http://www.w3.org/2000/01/rdf-schema#label>	"obsolete PCORnet CDM item identifier"@en	
<http://purl.obolibrary.org/obo/ORCS_00000137>	<http://www.w3.org/2000/01/rdf-schema#label>	"PCORnet emergency department admitting source data item"@en	
<http://purl.obolibrary.org/obo/ORCS_00000060>	<http://www.w3.org/2000/01/rdf-schema#label>	"obsolete PCORnet genderqueer identity datum"	
<http://purl.obolibrary.org/obo/OGMS_0000104>	<http://www.w3.org/2000/01/rdf-schema#label>	"diagnostic process"	
<http://purl.obolibrary.org/obo/OGMS_0000100>	<http://www.w3.org/2000/01/rdf-schema#label>	"inpatient encounter"	
<http://purl.obolibrary.org/obo/ORCS_00000158>	<http://www.w3.org/2000/01/rdf-schema#label>	"serum or plasma PCORnet specimen source value name"@en	
<http://purl.obolibrary.org/obo/UBERON_0000955>	<http://www.w3.org/2000/01/rdf-schema#label>	"brain"	
<http://purl.obolibrary.org/obo/UBERON_0001977>	<http://www.w3.org/2000/01/rdf-schema#label>	"blood serum"	
<http://purl.obolibrary.org/obo/APOLLO_SV_00000395>	<http://www.w3.org/2000/01/rdf-schema#label>	"name of temporal region"@en	
<http://purl.obolibrary.org/obo/UBERON_0000062>	<http://www.w3.org/2000/01/rdf-schema#label>	"organ"	
<http://purl.obolibrary.org/obo/ORCS_00000058>	<http://www.w3.org/2000/01/rdf-schema#label>	"obsolete PCORnet straight identity datum"	
<http://purl.obolibrary.org/obo/ORCS_00000129>	<http://www.w3.org/2000/01/rdf-schema#label>	"PCORnet Native Hawaiian or other Pacific Islander identity information content entity"@en	
<http://purl.obolibrary.org/obo/ORCS_00000125>	<http://www.w3.org/2000/01/rdf-schema#label>	"PCORnet American Indian or Alaska Native identity information content entity"@en	
<http://purl.obolibrary.org/obo/UBERON_0002106>	<http://www.geneontology.org/formats/oboInOwl#hasRelatedSynonym>	"lien"	
<http://purl.obolibrary.org/obo/UBERON_0000989>	<http://www.geneontology.org/formats/oboInOwl#hasRelatedSynonym>	"phallus"	
<http://purl.obolibrary.org/obo/UBERON_0000989>	<http://www.geneontology.org/formats/oboInOwl#hasRelatedSynonym>	"penes"	
<http://purl.obolibrary.org/obo/UBERON_0007311>	<http://www.geneontology.org/formats/oboInOwl#hasRelatedSynonym>	"expectoration"	
<http://purl.obolibrary.org/obo/UBERON_0000178>	<http://www.geneontology.org/formats/oboInOwl#hasRelatedSynonym>	"whole blood"	
<http://purl.obolibrary.org/obo/UBERON_0004921>	<http://www.geneontology.org/formats/oboInOwl#hasRelatedSynonym>	"alimentary system subdivision"	
<http://purl.obolibrary.org/obo/UBERON_0004921>	<http://www.geneontology.org/formats/oboInOwl#hasRelatedSynonym>	"intestinal tract"	
<http://purl.obolibrary.org/obo/UBERON_0004921>	<http://www.geneontology.org/formats/oboInOwl#hasRelatedSynonym>	"subdivision of alimentary system"	
<http://purl.obolibrary.org/obo/UBERON_0004921>	<http://www.geneontology.org/formats/oboInOwl#hasRelatedSynonym>	"segment of intestinal tract"	
<http://purl.obolibrary.org/obo/UBERON_0000977>	<http://www.geneontology.org/formats/oboInOwl#hasRelatedSynonym>	"pleural tissue"	
<http://purl.obolibrary.org/obo/UBERON_0000977>	<http://www.geneontology.org/formats/oboInOwl#hasRelatedSynonym>	"pleura"	
<http://purl.obolibrary.org/obo/UBERON_0002530>	<http://www.geneontology.org/formats/oboInOwl#hasRelatedSynonym>	"glandula"	
<http://purl.obolibrary.org/obo/UBERON_0002530>	<http://www.geneontology.org/formats/oboInOwl#hasRelatedSynonym>	"Druese"	
<http://purl.obolibrary.org/obo/UBERON_0000996>	<http://www.geneontology.org/formats/oboInOwl#hasRelatedSynonym>	"distal oviductal region"	
<http://purl.obolibrary.org/obo/UBERON_0000996>	<http://www.geneontology.org/formats/oboInOwl#hasRelatedSynonym>	"vaginae"	
<http://purl.obolibrary.org/obo/UBERON_0000996>	<http://www.geneontology.org/formats/oboInOwl#hasRelatedSynonym>	"distal portion of oviduct"	
<http://purl.obolibrary.org/obo/UBERON_0000002>	<http://www.geneontology.org/formats/oboInOwl#hasRelatedSynonym>	"cervix of uterus"	
<http://purl.obolibrary.org/obo/UBERON_0000002>	<http://www.geneontology.org/formats/oboInOwl#hasRelatedSynonym>	"cervical canal"	
<http://purl.obolibrary.org/obo/UBERON_0005181>	<http://www.geneontology.org/formats/oboInOwl#hasRelatedSynonym>	"upper body organ"	
<http://purl.obolibrary.org/obo/UBERON_0000174>	<http://www.geneontology.org/formats/oboInOwl#hasRelatedSynonym>	"excretion"	
<http://purl.obolibrary.org/obo/UBERON_0035946>	<http://www.geneontology.org/formats/oboInOwl#hasRelatedSynonym>	"birth"	
<http://purl.obolibrary.org/obo/UBERON_0001836>	<http://www.geneontology.org/formats/oboInOwl#hasRelatedSynonym>	"saliva molecularis"	
<http://purl.obolibrary.org/obo/UBERON_0001836>	<http://www.geneontology.org/formats/oboInOwl#hasRelatedSynonym>	"sailva normalis"	
<http://purl.obolibrary.org/obo/UBERON_0001836>	<http://www.geneontology.org/formats/oboInOwl#hasRelatedSynonym>	"saliva atomaris"	
<http://purl.obolibrary.org/obo/UBERON_0001970>	<http://www.geneontology.org/formats/oboInOwl#hasRelatedSynonym>	"gall"	
<http://purl.obolibrary.org/obo/UBERON_0001970>	<http://www.geneontology.org/formats/oboInOwl#hasRelatedSynonym>	"fel"	
<http://purl.obolibrary.org/obo/UBERON_0001690>	<http://www.geneontology.org/formats/oboInOwl#hasRelatedSynonym>	"auditory apparatus"	
<http://purl.obolibrary.org/obo/UBERON_0001690>	<http://www.geneontology.org/formats/oboInOwl#hasRelatedSynonym>	"auris"	
<http://purl.obolibrary.org/obo/UBERON_0001089>	<http://www.geneontology.org/formats/oboInOwl#hasRelatedSynonym>	"skin exudate"	
<http://purl.obolibrary.org/obo/UBERON_0002371>	<http://www.geneontology.org/formats/oboInOwl#hasRelatedSynonym>	"medulla of bone"	
<http://purl.obolibrary.org/obo/UBERON_0002371>	<http://www.geneontology.org/formats/oboInOwl#hasRelatedSynonym>	"medullary bone"	
<http://purl.obolibrary.org/obo/UBERON_0000456>	<http://www.geneontology.org/formats/oboInOwl#hasRelatedSynonym>	"exocrine gland fluid"	
<http://purl.obolibrary.org/obo/UBERON_0000456>	<http://www.geneontology.org/formats/oboInOwl#hasRelatedSynonym>	"exocrine gland fluid or secretion"	
<http://purl.obolibrary.org/obo/UBERON_0000456>	<http://www.geneontology.org/formats/oboInOwl#hasRelatedSynonym>	"external secretion"	
<http://purl.obolibrary.org/obo/UBERON_0000456>	<http://www.geneontology.org/formats/oboInOwl#hasRelatedSynonym>	"exocrine gland secretion"	
<http://purl.obolibrary.org/obo/UBERON_0000021>	<http://www.geneontology.org/formats/oboInOwl#hasRelatedSynonym>	"epidermal growth"	
<http://purl.obolibrary.org/obo/UBERON_0000992>	<http://www.geneontology.org/formats/oboInOwl#hasRelatedSynonym>	"ovaries"	
<http://purl.obolibrary.org/obo/UBERON_0000992>	<http://www.geneontology.org/formats/oboInOwl#hasRelatedSynonym>	"ovarium"	
<http://purl.obolibrary.org/obo/UBERON_0009564>	<http://www.geneontology.org/formats/oboInOwl#hasRelatedSynonym>	"keratin plate"	
<http://purl.obolibrary.org/obo/UBERON_0009564>	<http://www.geneontology.org/formats/oboInOwl#hasRelatedSynonym>	"hoof or claw"	
<http://purl.obolibrary.org/obo/UBERON_0009564>	<http://www.geneontology.org/formats/oboInOwl#hasRelatedSynonym>	"keratin sheath"	
<http://purl.obolibrary.org/obo/UBERON_0009564>	<http://www.geneontology.org/formats/oboInOwl#hasRelatedSynonym>	"hoof, claw or nail"	
<http://purl.obolibrary.org/obo/UBERON_0009564>	<http://www.geneontology.org/formats/oboInOwl#hasRelatedSynonym>	"unguis"	
<http://purl.obolibrary.org/obo/UBERON_0002358>	<http://www.geneontology.org/formats/oboInOwl#hasRelatedSynonym>	"peritonaeum"	
<http://purl.obolibrary.org/obo/UBERON_0034944>	<http://www.geneontology.org/formats/oboInOwl#hasRelatedSynonym>	"organ region with floating fiat boundary"	
<http://purl.obolibrary.org/obo/UBERON_0002268>	<http://www.geneontology.org/formats/oboInOwl#hasRelatedSynonym>	"organ olfactus"	
<http://purl.obolibrary.org/obo/UBERON_0002268>	<http://www.geneontology.org/formats/oboInOwl#hasRelatedSynonym>	"organum olfactorium"	
<http://purl.obolibrary.org/obo/UBERON_0002268>	<http://www.geneontology.org/formats/oboInOwl#hasRelatedSynonym>	"olfactory neuroepithelium"	
<http://purl.obolibrary.org/obo/UBERON_0001968>	<http://www.geneontology.org/formats/oboInOwl#hasRelatedSynonym>	"ejaculate"	
<http://purl.obolibrary.org/obo/UBERON_0001968>	<http://www.geneontology.org/formats/oboInOwl#hasRelatedSynonym>	"sperm"	
<http://purl.obolibrary.org/obo/UBERON_0000020>	<http://www.geneontology.org/formats/oboInOwl#hasRelatedSynonym>	"sensor"	
<http://purl.obolibrary.org/obo/UBERON_0000020>	<http://www.geneontology.org/formats/oboInOwl#hasRelatedSynonym>	"Sinnesorgan"	
<http://purl.obolibrary.org/obo/UBERON_0002107>	<http://www.geneontology.org/formats/oboInOwl#hasRelatedSynonym>	"iecur"	
<http://purl.obolibrary.org/obo/UBERON_0002107>	<http://www.geneontology.org/formats/oboInOwl#hasRelatedSynonym>	"jecur"	
<http://purl.obolibrary.org/obo/UBERON_0001705>	<http://www.geneontology.org/formats/oboInOwl#hasRelatedSynonym>	"talon"	
<http://purl.obolibrary.org/obo/UBERON_0008811>	<http://www.geneontology.org/formats/oboInOwl#hasRelatedSynonym>	"copulatory organ"	
<http://purl.obolibrary.org/obo/UBERON_0001037>	<http://www.geneontology.org/formats/oboInOwl#hasRelatedSynonym>	"quill"	
<http://purl.obolibrary.org/obo/UBERON_0001037>	<http://www.geneontology.org/formats/oboInOwl#hasRelatedSynonym>	"coat hair"	
<http://purl.obolibrary.org/obo/UBERON_0001037>	<http://www.geneontology.org/formats/oboInOwl#hasRelatedSynonym>	"coat/ hair"	
<http://purl.obolibrary.org/obo/UBERON_0001037>	<http://www.geneontology.org/formats/oboInOwl#hasRelatedSynonym>	"setulae"	
<http://purl.obolibrary.org/obo/UBERON_0001037>	<http://www.geneontology.org/formats/oboInOwl#hasRelatedSynonym>	"whisker"	
<http://purl.obolibrary.org/obo/UBERON_0001037>	<http://www.geneontology.org/formats/oboInOwl#hasRelatedSynonym>	"fur"	
<http://purl.obolibrary.org/obo/UBERON_0001037>	<http://www.geneontology.org/formats/oboInOwl#hasRelatedSynonym>	"vibrissa"	
<http://purl.obolibrary.org/obo/UBERON_0001037>	<http://www.geneontology.org/formats/oboInOwl#hasRelatedSynonym>	"microchaeta"	
<http://purl.obolibrary.org/obo/UBERON_0001827>	<http://www.geneontology.org/formats/oboInOwl#hasRelatedSynonym>	"tear fluid"	
<http://purl.obolibrary.org/obo/UBERON_0000064>	<http://www.geneontology.org/formats/oboInOwl#hasRelatedSynonym>	"regional part of organ"	
<http://purl.obolibrary.org/obo/UBERON_0005399>	<http://www.geneontology.org/formats/oboInOwl#hasRelatedSynonym>	"accessory sex gland"	
<http://purl.obolibrary.org/obo/UBERON_0010147>	<http://www.geneontology.org/formats/oboInOwl#hasRelatedSynonym>	"male accessory gland"	
<http://purl.obolibrary.org/obo/UBERON_0010147>	<http://www.geneontology.org/formats/oboInOwl#hasRelatedSynonym>	"male accessory reproductive gland"	
<http://purl.obolibrary.org/obo/UBERON_0000310>	<http://www.geneontology.org/formats/oboInOwl#hasRelatedSynonym>	"mamma"	
<http://purl.obolibrary.org/obo/UBERON_0012168>	<http://www.geneontology.org/formats/oboInOwl#hasRelatedSynonym>	"umbilical cord blood"	
<http://purl.obolibrary.org/obo/UBERON_0012168>	<http://www.geneontology.org/formats/oboInOwl#hasRelatedSynonym>	"cord blood"	
<http://purl.obolibrary.org/obo/UBERON_0012168>	<http://www.geneontology.org/formats/oboInOwl#hasRelatedSynonym>	"fetal blood"	
<http://purl.obolibrary.org/obo/UBERON_0000481>	<http://www.geneontology.org/formats/oboInOwl#hasRelatedSynonym>	"multi-tissue structures"	
<http://purl.obolibrary.org/obo/UBERON_0000079>	<http://www.geneontology.org/formats/oboInOwl#hasRelatedSynonym>	"systema genitale masculinum"	
<http://purl.obolibrary.org/obo/UBERON_0000079>	<http://www.geneontology.org/formats/oboInOwl#hasRelatedSynonym>	"male reproductive tract"	
<http://purl.obolibrary.org/obo/UBERON_0000079>	<http://www.geneontology.org/formats/oboInOwl#hasRelatedSynonym>	"male genital tract"	
<http://purl.obolibrary.org/obo/UBERON_0000079>	<http://www.geneontology.org/formats/oboInOwl#hasRelatedSynonym>	"male genital organ"	
<http://purl.obolibrary.org/obo/UBERON_0001988>	<http://www.geneontology.org/formats/oboInOwl#hasRelatedSynonym>	"droppings"	
<http://purl.obolibrary.org/obo/UBERON_0001988>	<http://www.geneontology.org/formats/oboInOwl#hasRelatedSynonym>	"spoor"	
<http://purl.obolibrary.org/obo/UBERON_0001988>	<http://www.geneontology.org/formats/oboInOwl#hasRelatedSynonym>	"excrement"	
<http://purl.obolibrary.org/obo/UBERON_0001988>	<http://www.geneontology.org/formats/oboInOwl#hasRelatedSynonym>	"ordure"	
<http://purl.obolibrary.org/obo/UBERON_0007779>	<http://www.geneontology.org/formats/oboInOwl#hasRelatedSynonym>	"plasma ultrafiltrate"	
<http://purl.obolibrary.org/obo/UBERON_0000165>	<http://www.geneontology.org/formats/oboInOwl#hasRelatedSynonym>	"oral vestibule"	
<http://purl.obolibrary.org/obo/UBERON_0000165>	<http://www.geneontology.org/formats/oboInOwl#hasRelatedSynonym>	"mouth cavity"	
<http://purl.obolibrary.org/obo/UBERON_0000165>	<http://www.geneontology.org/formats/oboInOwl#hasRelatedSynonym>	"trophic apparatus"	
<http://purl.obolibrary.org/obo/UBERON_0000165>	<http://www.geneontology.org/formats/oboInOwl#hasRelatedSynonym>	"rima oris"	
<http://purl.obolibrary.org/obo/UBERON_0000165>	<http://www.geneontology.org/formats/oboInOwl#hasRelatedSynonym>	"stoma"	
<http://purl.obolibrary.org/obo/UBERON_0000165>	<http://www.geneontology.org/formats/oboInOwl#hasRelatedSynonym>	"stomatodaeum"	
<http://purl.obolibrary.org/obo/UBERON_0000165>	<http://www.geneontology.org/formats/oboInOwl#hasRelatedSynonym>	"cavitas oris"	
<http://purl.obolibrary.org/obo/UBERON_0000165>	<http://www.geneontology.org/formats/oboInOwl#hasRelatedSynonym>	"vestibulum oris"	
<http://purl.obolibrary.org/obo/UBERON_0000165>	<http://www.geneontology.org/formats/oboInOwl#hasRelatedSynonym>	"cavital oralis"	
<http://purl.obolibrary.org/obo/UBERON_0000165>	<http://www.geneontology.org/formats/oboInOwl#hasRelatedSynonym>	"vestibule of mouth"	
<http://purl.obolibrary.org/obo/UBERON_0000165>	<http://www.geneontology.org/formats/oboInOwl#hasRelatedSynonym>	"cavum oris"	
<http://purl.obolibrary.org/obo/UBERON_0000165>	<http://www.geneontology.org/formats/oboInOwl#hasRelatedSynonym>	"oral region"	
<http://purl.obolibrary.org/obo/UBERON_0002368>	<http://www.geneontology.org/formats/oboInOwl#hasRelatedSynonym>	"glandulae endocrinae"	
<http://purl.obolibrary.org/obo/UBERON_0002368>	<http://www.geneontology.org/formats/oboInOwl#hasRelatedSynonym>	"ductless gland"	
<http://purl.obolibrary.org/obo/UBERON_0001155>	<http://www.geneontology.org/formats/oboInOwl#hasRelatedSynonym>	"hindgut"	
<http://purl.obolibrary.org/obo/UBERON_0006003>	<http://www.geneontology.org/formats/oboInOwl#hasRelatedSynonym>	"skin appendage"	
<http://purl.obolibrary.org/obo/UBERON_0006003>	<http://www.geneontology.org/formats/oboInOwl#hasRelatedSynonym>	"skin adnexal structure"	
<http://purl.obolibrary.org/obo/UBERON_0006003>	<http://www.geneontology.org/formats/oboInOwl#hasRelatedSynonym>	"adnexae cutis"	
<http://purl.obolibrary.org/obo/UBERON_0006003>	<http://www.geneontology.org/formats/oboInOwl#hasRelatedSynonym>	"skin adnexa"	
<http://purl.obolibrary.org/obo/UBERON_0002046>	<http://www.geneontology.org/formats/oboInOwl#hasRelatedSynonym>	"glandula thyroidea"	
<http://purl.obolibrary.org/obo/UBERON_0000042>	<http://www.geneontology.org/formats/oboInOwl#hasRelatedSynonym>	"serosa"	
<http://purl.obolibrary.org/obo/UBERON_0006538>	<http://www.geneontology.org/formats/oboInOwl#hasRelatedSynonym>	"respiratory system fluid"	
<http://purl.obolibrary.org/obo/UBERON_0006538>	<http://www.geneontology.org/formats/oboInOwl#hasRelatedSynonym>	"respiratory system secretion"	
<http://purl.obolibrary.org/obo/UBERON_0006858>	<http://www.geneontology.org/formats/oboInOwl#hasRelatedSynonym>	"adrenal - interrenal gland"	
<http://purl.obolibrary.org/obo/UBERON_0006858>	<http://www.geneontology.org/formats/oboInOwl#hasRelatedSynonym>	"suprarenal gland - interrenal gland"	
<http://purl.obolibrary.org/obo/UBERON_0036017>	<http://www.geneontology.org/formats/oboInOwl#hasRelatedSynonym>	"regurgitate"	
<http://purl.obolibrary.org/obo/UBERON_0006925>	<http://www.geneontology.org/formats/oboInOwl#hasRelatedSynonym>	"digestive gland"	
<http://purl.obolibrary.org/obo/UBERON_0000004>	<http://www.geneontology.org/formats/oboInOwl#hasRelatedSynonym>	"nasus"	
<http://purl.obolibrary.org/obo/UBERON_0000004>	<http://www.geneontology.org/formats/oboInOwl#hasRelatedSynonym>	"proboscis"	
<http://purl.obolibrary.org/obo/UBERON_0000004>	<http://www.geneontology.org/formats/oboInOwl#hasRelatedSynonym>	"olfactory apparatus"	
<http://purl.obolibrary.org/obo/UBERON_0002367>	<http://www.geneontology.org/formats/oboInOwl#hasRelatedSynonym>	"prostata"	
<http://purl.obolibrary.org/obo/UBERON_0006539>	<http://www.geneontology.org/formats/oboInOwl#hasRelatedSynonym>	"mammary gland fluid"	
<http://purl.obolibrary.org/obo/UBERON_0006539>	<http://www.geneontology.org/formats/oboInOwl#hasRelatedSynonym>	"secretion of mammary gland"	
<http://purl.obolibrary.org/obo/UBERON_0006539>	<http://www.geneontology.org/formats/oboInOwl#hasRelatedSynonym>	"mammary gland secretion"	
<http://purl.obolibrary.org/obo/UBERON_0006539>	<http://www.geneontology.org/formats/oboInOwl#hasRelatedSynonym>	"lactiferous gland secretion"	
<http://purl.obolibrary.org/obo/UBERON_0006539>	<http://www.geneontology.org/formats/oboInOwl#hasRelatedSynonym>	"mammary gland secreted fluid"	
<http://purl.obolibrary.org/obo/UBERON_0006539>	<http://www.geneontology.org/formats/oboInOwl#hasRelatedSynonym>	"lactiferous gland fluid"	
<http://purl.obolibrary.org/obo/UBERON_0000945>	<http://www.geneontology.org/formats/oboInOwl#hasRelatedSynonym>	"anterior intestine"	
<http://purl.obolibrary.org/obo/UBERON_0000945>	<http://www.geneontology.org/formats/oboInOwl#hasRelatedSynonym>	"mesenteron"	
<http://purl.obolibrary.org/obo/UBERON_0000945>	<http://www.geneontology.org/formats/oboInOwl#hasRelatedSynonym>	"gaster"	
<http://purl.obolibrary.org/obo/UBERON_0000945>	<http://www.geneontology.org/formats/oboInOwl#hasRelatedSynonym>	"ventriculus"	
<http://purl.obolibrary.org/obo/UBERON_0000177>	<http://www.geneontology.org/formats/oboInOwl#hasRelatedSynonym>	"purulent exudate"	
<http://purl.obolibrary.org/obo/UBERON_0001052>	<http://www.geneontology.org/formats/oboInOwl#hasRelatedSynonym>	"intestinum rectum"	
<http://purl.obolibrary.org/obo/UBERON_0001052>	<http://www.geneontology.org/formats/oboInOwl#hasRelatedSynonym>	"terminal portion of large intestine"	
<http://purl.obolibrary.org/obo/UBERON_0001052>	<http://www.geneontology.org/formats/oboInOwl#hasRelatedSynonym>	"rectal sac"	
<http://purl.obolibrary.org/obo/UBERON_0035944>	<http://www.geneontology.org/formats/oboInOwl#hasRelatedSynonym>	"death"	
<http://purl.obolibrary.org/obo/UBERON_0035944>	<http://www.geneontology.org/formats/oboInOwl#hasRelatedSynonym>	"end of life"	
<http://purl.obolibrary.org/obo/UBERON_0002075>	<http://www.geneontology.org/formats/oboInOwl#hasRelatedSynonym>	"Organsystem@de"	
<http://purl.obolibrary.org/obo/UBERON_0002075>	<http://www.geneontology.org/formats/oboInOwl#hasRelatedSynonym>	"visceral tissue"	
<http://purl.obolibrary.org/obo/UBERON_0002075>	<http://www.geneontology.org/formats/oboInOwl#hasRelatedSynonym>	"splanchnic tissue"	
<http://purl.obolibrary.org/obo/UBERON_0002075>	<http://www.geneontology.org/formats/oboInOwl#hasRelatedSynonym>	"viscera"	
<http://purl.obolibrary.org/obo/UBERON_0001359>	<http://www.geneontology.org/formats/oboInOwl#hasRelatedSynonym>	"liquor cerebrospinalis"	
<http://purl.obolibrary.org/obo/UBERON_0001359>	<http://www.geneontology.org/formats/oboInOwl#hasRelatedSynonym>	"spinal fluid"	
<http://purl.obolibrary.org/obo/UBERON_0000071>	<http://www.geneontology.org/formats/oboInOwl#hasRelatedSynonym>	"death"	
<http://purl.obolibrary.org/obo/UBERON_0000970>	<http://www.geneontology.org/formats/oboInOwl#hasRelatedSynonym>	"visual apparatus"	
<http://purl.obolibrary.org/obo/UBERON_0000970>	<http://www.geneontology.org/formats/oboInOwl#hasRelatedSynonym>	"light-detecting organ"	
<http://purl.obolibrary.org/obo/UBERON_0003133>	<http://www.geneontology.org/formats/oboInOwl#hasRelatedSynonym>	"genitalia"	
<http://purl.obolibrary.org/obo/UBERON_0007221>	<http://www.geneontology.org/formats/oboInOwl#hasRelatedSynonym>	"newborn stage"	
<http://purl.obolibrary.org/obo/UBERON_0000173>	<http://www.geneontology.org/formats/oboInOwl#hasRelatedSynonym>	"liquor amnii"	
<http://purl.obolibrary.org/obo/UBERON_0000173>	<http://www.geneontology.org/formats/oboInOwl#hasRelatedSynonym>	"acqua amnii"	
<http://purl.obolibrary.org/obo/UBERON_0000473>	<http://www.geneontology.org/formats/oboInOwl#hasRelatedSynonym>	"testes"	
<http://purl.obolibrary.org/obo/UBERON_0000473>	<http://www.geneontology.org/formats/oboInOwl#hasRelatedSynonym>	"testiculus"	
<http://purl.obolibrary.org/obo/UBERON_0000473>	<http://www.geneontology.org/formats/oboInOwl#hasRelatedSynonym>	"orchis"	
<http://purl.obolibrary.org/obo/UBERON_0002369>	<http://www.geneontology.org/formats/oboInOwl#hasRelatedSynonym>	"adrenal"	
<http://purl.obolibrary.org/obo/UBERON_0002369>	<http://www.geneontology.org/formats/oboInOwl#hasRelatedSynonym>	"suprarenal capsule"	
<http://purl.obolibrary.org/obo/UBERON_0002369>	<http://www.geneontology.org/formats/oboInOwl#hasRelatedSynonym>	"epinephric gland"	
<http://purl.obolibrary.org/obo/UBERON_0002369>	<http://www.geneontology.org/formats/oboInOwl#hasRelatedSynonym>	"interrenal gland"	
<http://purl.obolibrary.org/obo/UBERON_0002369>	<http://www.geneontology.org/formats/oboInOwl#hasRelatedSynonym>	"adrenal capsule"	
<http://purl.obolibrary.org/obo/UBERON_0002369>	<http://www.geneontology.org/formats/oboInOwl#hasRelatedSynonym>	"glandula suprarenalis"	
<http://purl.obolibrary.org/obo/UBERON_0002369>	<http://www.geneontology.org/formats/oboInOwl#hasRelatedSynonym>	"epinephros"	
<http://purl.obolibrary.org/obo/UBERON_0002369>	<http://www.geneontology.org/formats/oboInOwl#hasRelatedSynonym>	"atrabiliary capsule"	
<http://purl.obolibrary.org/obo/UBERON_0002369>	<http://www.geneontology.org/formats/oboInOwl#hasRelatedSynonym>	"suprarenal gland"	
<http://purl.obolibrary.org/obo/UBERON_0002369>	<http://www.geneontology.org/formats/oboInOwl#hasRelatedSynonym>	"adrenal medulla cell"	
<http://purl.obolibrary.org/obo/UBERON_0006562>	<http://www.geneontology.org/formats/oboInOwl#hasRelatedSynonym>	"anterior part of foregut"	
<http://purl.obolibrary.org/obo/UBERON_0006562>	<http://www.geneontology.org/formats/oboInOwl#hasRelatedSynonym>	"pharyngeal tube"	
<http://purl.obolibrary.org/obo/UBERON_0000991>	<http://www.geneontology.org/formats/oboInOwl#hasRelatedSynonym>	"gonads"	
<http://purl.obolibrary.org/obo/UBERON_0000179>	<http://www.geneontology.org/formats/oboInOwl#hasRelatedSynonym>	"circulating fluid"	
<http://purl.obolibrary.org/obo/UBERON_0000179>	<http://www.geneontology.org/formats/oboInOwl#hasRelatedSynonym>	"blood or blood analog"	
<http://purl.obolibrary.org/obo/UBERON_0000955>	<http://www.geneontology.org/formats/oboInOwl#hasRelatedSynonym>	"synganglion"	
<http://purl.obolibrary.org/obo/UBERON_0000955>	<http://www.geneontology.org/formats/oboInOwl#hasRelatedSynonym>	"suprasegmental levels of nervous system"	
<http://purl.obolibrary.org/obo/UBERON_0000955>	<http://www.geneontology.org/formats/oboInOwl#hasRelatedSynonym>	"encephalon"	
<http://purl.obolibrary.org/obo/UBERON_0000955>	<http://www.geneontology.org/formats/oboInOwl#hasRelatedSynonym>	"suprasegmental structures"	
<http://purl.obolibrary.org/obo/UBERON_0000955>	<http://www.geneontology.org/formats/oboInOwl#hasRelatedSynonym>	"the brain"	
<http://purl.obolibrary.org/obo/UBERON_0000062>	<http://www.geneontology.org/formats/oboInOwl#hasRelatedSynonym>	"element"	
<http://purl.obolibrary.org/obo/UBERON_0000062>	<http://www.geneontology.org/formats/oboInOwl#hasRelatedSynonym>	"anatomical unit"	
<http://purl.obolibrary.org/obo/UBERON_0000062>	<http://www.geneontology.org/formats/oboInOwl#hasRelatedSynonym>	"body organ"	
<http://purl.obolibrary.org/obo/UBERON_0000479>	<http://www.geneontology.org/formats/oboInOwl#hasNarrowSynonym>	"simple tissue"	
<http://purl.obolibrary.org/obo/UBERON_0000021>	<http://www.geneontology.org/formats/oboInOwl#hasNarrowSynonym>	"epidermal appendage"	
<http://purl.obolibrary.org/obo/UBERON_0002268>	<http://www.geneontology.org/formats/oboInOwl#hasNarrowSynonym>	"main olfactory organ"	
<http://purl.obolibrary.org/obo/UBERON_0002268>	<http://www.geneontology.org/formats/oboInOwl#hasNarrowSynonym>	"primary olfactory organ"	
<http://purl.obolibrary.org/obo/UBERON_0013515>	<http://www.geneontology.org/formats/oboInOwl#hasNarrowSynonym>	"subdivision of fallopian tube"	
<http://purl.obolibrary.org/obo/UBERON_0000020>	<http://www.geneontology.org/formats/oboInOwl#hasNarrowSynonym>	"sensillum"	
<http://purl.obolibrary.org/obo/UBERON_0001705>	<http://www.geneontology.org/formats/oboInOwl#hasNarrowSynonym>	"claw"	
<http://purl.obolibrary.org/obo/UBERON_0008811>	<http://www.geneontology.org/formats/oboInOwl#hasNarrowSynonym>	"penis"	
<http://purl.obolibrary.org/obo/UBERON_0008811>	<http://www.geneontology.org/formats/oboInOwl#hasNarrowSynonym>	"aedeagus"	
<http://purl.obolibrary.org/obo/UBERON_0000105>	<http://www.geneontology.org/formats/oboInOwl#hasNarrowSynonym>	"stage"	
<http://purl.obolibrary.org/obo/UBERON_0000105>	<http://www.geneontology.org/formats/oboInOwl#hasNarrowSynonym>	"developmental stage"	
<http://purl.obolibrary.org/obo/UBERON_0002113>	<http://www.geneontology.org/formats/oboInOwl#hasNarrowSynonym>	"reniculate kidney"	
<http://purl.obolibrary.org/obo/UBERON_0001988>	<http://www.geneontology.org/formats/oboInOwl#hasNarrowSynonym>	"dung"	
<http://purl.obolibrary.org/obo/UBERON_0001988>	<http://www.geneontology.org/formats/oboInOwl#hasNarrowSynonym>	"frass"	
<http://purl.obolibrary.org/obo/UBERON_0001988>	<http://www.geneontology.org/formats/oboInOwl#hasNarrowSynonym>	"portion of scat"	
<http://purl.obolibrary.org/obo/UBERON_0001988>	<http://www.geneontology.org/formats/oboInOwl#hasNarrowSynonym>	"scat"	
<http://purl.obolibrary.org/obo/UBERON_0001988>	<http://www.geneontology.org/formats/oboInOwl#hasNarrowSynonym>	"cow pat"	
<http://purl.obolibrary.org/obo/UBERON_0001988>	<http://www.geneontology.org/formats/oboInOwl#hasNarrowSynonym>	"portion of dung"	
<http://purl.obolibrary.org/obo/UBERON_0001988>	<http://www.geneontology.org/formats/oboInOwl#hasNarrowSynonym>	"fewmet"	
<http://purl.obolibrary.org/obo/UBERON_0001988>	<http://www.geneontology.org/formats/oboInOwl#hasNarrowSynonym>	"guano"	
<http://purl.obolibrary.org/obo/UBERON_0001988>	<http://www.geneontology.org/formats/oboInOwl#hasNarrowSynonym>	"cow dung"	
<http://purl.obolibrary.org/obo/UBERON_0001988>	<http://www.geneontology.org/formats/oboInOwl#hasNarrowSynonym>	"spraint"	
<http://purl.obolibrary.org/obo/UBERON_0001988>	<http://www.geneontology.org/formats/oboInOwl#hasNarrowSynonym>	"portion of guano"	
<http://purl.obolibrary.org/obo/UBERON_0000165>	<http://www.geneontology.org/formats/oboInOwl#hasNarrowSynonym>	"adult mouth"	
<http://purl.obolibrary.org/obo/UBERON_0013703>	<http://www.geneontology.org/formats/oboInOwl#hasNarrowSynonym>	"skin projection"	
<http://purl.obolibrary.org/obo/UBERON_0001155>	<http://www.geneontology.org/formats/oboInOwl#hasNarrowSynonym>	"posterior intestine"	
<http://purl.obolibrary.org/obo/UBERON_0006003>	<http://www.geneontology.org/formats/oboInOwl#hasNarrowSynonym>	"body hair or bristle"	
<http://purl.obolibrary.org/obo/UBERON_0000945>	<http://www.geneontology.org/formats/oboInOwl#hasNarrowSynonym>	"stomach chamber"	
<http://purl.obolibrary.org/obo/UBERON_0007221>	<http://www.geneontology.org/formats/oboInOwl#hasNarrowSynonym>	"puggle stage"	
<http://purl.obolibrary.org/obo/UBERON_0007221>	<http://www.geneontology.org/formats/oboInOwl#hasNarrowSynonym>	"pouch stage"	
<http://purl.obolibrary.org/obo/UBERON_0007221>	<http://www.geneontology.org/formats/oboInOwl#hasNarrowSynonym>	"fledgling stage"	
<http://purl.obolibrary.org/obo/UBERON_0007221>	<http://www.geneontology.org/formats/oboInOwl#hasNarrowSynonym>	"puggle"	
<http://purl.obolibrary.org/obo/UBERON_0007221>	<http://www.geneontology.org/formats/oboInOwl#hasNarrowSynonym>	"infant stage"	
<http://purl.obolibrary.org/obo/UBERON_0007221>	<http://www.geneontology.org/formats/oboInOwl#hasNarrowSynonym>	"nestling stage"	
<http://purl.obolibrary.org/obo/UBERON_0007221>	<http://www.geneontology.org/formats/oboInOwl#hasNarrowSynonym>	"hatchling stage"	
<http://purl.obolibrary.org/obo/UBERON_0007221>	<http://www.geneontology.org/formats/oboInOwl#hasNarrowSynonym>	"hatchling"	
<http://purl.obolibrary.org/obo/UBERON_0000002>	<http://www.geneontology.org/formats/oboInOwl#hasBroadSynonym>	"cervix"	
<http://purl.obolibrary.org/obo/UBERON_0001969>	<http://www.geneontology.org/formats/oboInOwl#hasBroadSynonym>	"plasma"	
<http://purl.obolibrary.org/obo/UBERON_0001969>	<http://www.geneontology.org/formats/oboInOwl#hasBroadSynonym>	"portion of plasma"	
<http://purl.obolibrary.org/obo/UBERON_0000456>	<http://www.geneontology.org/formats/oboInOwl#hasBroadSynonym>	"secretion"	
<http://purl.obolibrary.org/obo/UBERON_0001988>	<http://www.geneontology.org/formats/oboInOwl#hasBroadSynonym>	"excreta"	
<http://purl.obolibrary.org/obo/UBERON_0007794>	<http://www.geneontology.org/formats/oboInOwl#hasBroadSynonym>	"serous fluid"	
<http://purl.obolibrary.org/obo/UBERON_0006314>	<http://www.geneontology.org/formats/oboInOwl#hasBroadSynonym>	"fluid"	
<http://purl.obolibrary.org/obo/UBERON_0002048>	<http://www.geneontology.org/formats/oboInOwl#hasExactSynonym>	"pulmo"	
<http://purl.obolibrary.org/obo/UBERON_0003937>	<http://www.geneontology.org/formats/oboInOwl#hasExactSynonym>	"reproductive gland"	
<http://purl.obolibrary.org/obo/UBERON_0003937>	<http://www.geneontology.org/formats/oboInOwl#hasExactSynonym>	"genitalia gland"	
<http://purl.obolibrary.org/obo/UBERON_0003937>	<http://www.geneontology.org/formats/oboInOwl#hasExactSynonym>	"reproductive system gland"	
<http://purl.obolibrary.org/obo/UBERON_0003937>	<http://www.geneontology.org/formats/oboInOwl#hasExactSynonym>	"sex gland"	
<http://purl.obolibrary.org/obo/UBERON_0003937>	<http://www.geneontology.org/formats/oboInOwl#hasExactSynonym>	"gland of reproductive system"	
<http://purl.obolibrary.org/obo/UBERON_0003937>	<http://www.geneontology.org/formats/oboInOwl#hasExactSynonym>	"gland of genitalia"	
<http://purl.obolibrary.org/obo/UBERON_0000178>	<http://www.geneontology.org/formats/oboInOwl#hasExactSynonym>	"portion of blood"	
<http://purl.obolibrary.org/obo/UBERON_0000178>	<http://www.geneontology.org/formats/oboInOwl#hasExactSynonym>	"vertebrate blood"	
<http://purl.obolibrary.org/obo/UBERON_0001560>	<http://www.geneontology.org/formats/oboInOwl#hasExactSynonym>	"organ neck"	
<http://purl.obolibrary.org/obo/UBERON_0000977>	<http://www.geneontology.org/formats/oboInOwl#hasExactSynonym>	"wall of pleural sac"	
<http://purl.obolibrary.org/obo/UBERON_0002530>	<http://www.geneontology.org/formats/oboInOwl#hasExactSynonym>	"glandular organ"	
<http://purl.obolibrary.org/obo/UBERON_0000104>	<http://www.geneontology.org/formats/oboInOwl#hasExactSynonym>	"entire lifespan"	
<http://purl.obolibrary.org/obo/UBERON_0000104>	<http://www.geneontology.org/formats/oboInOwl#hasExactSynonym>	"life"	
<http://purl.obolibrary.org/obo/UBERON_0000104>	<http://www.geneontology.org/formats/oboInOwl#hasExactSynonym>	"entire life cycle"	
<http://purl.obolibrary.org/obo/UBERON_0000104>	<http://www.geneontology.org/formats/oboInOwl#hasExactSynonym>	"lifespan"	
<http://purl.obolibrary.org/obo/UBERON_0013756>	<http://www.geneontology.org/formats/oboInOwl#hasExactSynonym>	"blood in vein"	
<http://purl.obolibrary.org/obo/UBERON_0013756>	<http://www.geneontology.org/formats/oboInOwl#hasExactSynonym>	"portion of venous blood"	
<http://purl.obolibrary.org/obo/UBERON_0013756>	<http://www.geneontology.org/formats/oboInOwl#hasExactSynonym>	"venous blood"	
<http://purl.obolibrary.org/obo/UBERON_0000479>	<http://www.geneontology.org/formats/oboInOwl#hasExactSynonym>	"tissue portion"	
<http://purl.obolibrary.org/obo/UBERON_0000479>	<http://www.geneontology.org/formats/oboInOwl#hasExactSynonym>	"portion of tissue"	
<http://purl.obolibrary.org/obo/UBERON_0010000>	<http://www.geneontology.org/formats/oboInOwl#hasExactSynonym>	"multicellular structure"	
<http://purl.obolibrary.org/obo/UBERON_0000002>	<http://www.geneontology.org/formats/oboInOwl#hasExactSynonym>	"cervix uteri"	
<http://purl.obolibrary.org/obo/UBERON_0000002>	<http://www.geneontology.org/formats/oboInOwl#hasExactSynonym>	"uterine cervix"	
<http://purl.obolibrary.org/obo/UBERON_0000002>	<http://www.geneontology.org/formats/oboInOwl#hasExactSynonym>	"caudal segment of uterus"	
<http://purl.obolibrary.org/obo/UBERON_0000002>	<http://www.geneontology.org/formats/oboInOwl#hasExactSynonym>	"cervical canal of uterus"	
<http://purl.obolibrary.org/obo/UBERON_0000002>	<http://www.geneontology.org/formats/oboInOwl#hasExactSynonym>	"neck of uterus"	
<http://purl.obolibrary.org/obo/UBERON_0000002>	<http://www.geneontology.org/formats/oboInOwl#hasExactSynonym>	"canalis cervicis uteri"	
<http://purl.obolibrary.org/obo/UBERON_0000174>	<http://www.geneontology.org/formats/oboInOwl#hasExactSynonym>	"portion of excreted substance"	
<http://purl.obolibrary.org/obo/UBERON_0000174>	<http://www.geneontology.org/formats/oboInOwl#hasExactSynonym>	"excreted substance"	
<http://purl.obolibrary.org/obo/UBERON_0000174>	<http://www.geneontology.org/formats/oboInOwl#hasExactSynonym>	"waste substance"	
<http://purl.obolibrary.org/obo/UBERON_0035946>	<http://www.geneontology.org/formats/oboInOwl#hasExactSynonym>	"time of birth"	
<http://purl.obolibrary.org/obo/UBERON_0035946>	<http://www.geneontology.org/formats/oboInOwl#hasExactSynonym>	"moment of birth"	
<http://purl.obolibrary.org/obo/UBERON_0001836>	<http://www.geneontology.org/formats/oboInOwl#hasExactSynonym>	"salivary gland secretion"	
<http://purl.obolibrary.org/obo/UBERON_0001969>	<http://www.geneontology.org/formats/oboInOwl#hasExactSynonym>	"portion of blood plasma"	
<http://purl.obolibrary.org/obo/UBERON_0001969>	<http://www.geneontology.org/formats/oboInOwl#hasExactSynonym>	"blood plasm"	
<http://purl.obolibrary.org/obo/UBERON_0002371>	<http://www.geneontology.org/formats/oboInOwl#hasExactSynonym>	"medulla ossea"	
<http://purl.obolibrary.org/obo/UBERON_0002371>	<http://www.geneontology.org/formats/oboInOwl#hasExactSynonym>	"medulla ossium"	
<http://purl.obolibrary.org/obo/UBERON_0000456>	<http://www.geneontology.org/formats/oboInOwl#hasExactSynonym>	"exocrine gland fluid/secretion"	
<http://purl.obolibrary.org/obo/UBERON_0000456>	<http://www.geneontology.org/formats/oboInOwl#hasExactSynonym>	"bodily secretion"	
<http://purl.obolibrary.org/obo/UBERON_0000456>	<http://www.geneontology.org/formats/oboInOwl#hasExactSynonym>	"secreted substance"	
<http://purl.obolibrary.org/obo/UBERON_0000021>	<http://www.geneontology.org/formats/oboInOwl#hasExactSynonym>	"skin appendage"	
<http://purl.obolibrary.org/obo/UBERON_0000992>	<http://www.geneontology.org/formats/oboInOwl#hasExactSynonym>	"gonada of genitalia of female organism"	
<http://purl.obolibrary.org/obo/UBERON_0000992>	<http://www.geneontology.org/formats/oboInOwl#hasExactSynonym>	"reproductive system of female organism gonad"	
<http://purl.obolibrary.org/obo/UBERON_0000992>	<http://www.geneontology.org/formats/oboInOwl#hasExactSynonym>	"gonada of female organism genitalia"	
<http://purl.obolibrary.org/obo/UBERON_0000992>	<http://www.geneontology.org/formats/oboInOwl#hasExactSynonym>	"genitalia of female organism gonada"	
<http://purl.obolibrary.org/obo/UBERON_0000992>	<http://www.geneontology.org/formats/oboInOwl#hasExactSynonym>	"female organism genitalia gonada"	
<http://purl.obolibrary.org/obo/UBERON_0000992>	<http://www.geneontology.org/formats/oboInOwl#hasExactSynonym>	"gonada of female reproductive system"	
<http://purl.obolibrary.org/obo/UBERON_0000992>	<http://www.geneontology.org/formats/oboInOwl#hasExactSynonym>	"gonad of reproductive system of female organism"	
<http://purl.obolibrary.org/obo/UBERON_0000992>	<http://www.geneontology.org/formats/oboInOwl#hasExactSynonym>	"animal ovary"	
<http://purl.obolibrary.org/obo/UBERON_0000992>	<http://www.geneontology.org/formats/oboInOwl#hasExactSynonym>	"gonad of female reproductive system"	
<http://purl.obolibrary.org/obo/UBERON_0000992>	<http://www.geneontology.org/formats/oboInOwl#hasExactSynonym>	"female reproductive system gonada"	
<http://purl.obolibrary.org/obo/UBERON_0000992>	<http://www.geneontology.org/formats/oboInOwl#hasExactSynonym>	"female organism reproductive system gonada"	
<http://purl.obolibrary.org/obo/UBERON_0000992>	<http://www.geneontology.org/formats/oboInOwl#hasExactSynonym>	"female reproductive system gonad"	
<http://purl.obolibrary.org/obo/UBERON_0000992>	<http://www.geneontology.org/formats/oboInOwl#hasExactSynonym>	"gonada of female organism reproductive system"	
<http://purl.obolibrary.org/obo/UBERON_0000992>	<http://www.geneontology.org/formats/oboInOwl#hasExactSynonym>	"female organism reproductive system gonad"	
<http://purl.obolibrary.org/obo/UBERON_0000992>	<http://www.geneontology.org/formats/oboInOwl#hasExactSynonym>	"gonad of female organism reproductive system"	
<http://purl.obolibrary.org/obo/UBERON_0000992>	<http://www.geneontology.org/formats/oboInOwl#hasExactSynonym>	"female organism genitalia gonad"	
<http://purl.obolibrary.org/obo/UBERON_0000992>	<http://www.geneontology.org/formats/oboInOwl#hasExactSynonym>	"genitalia of female organism gonad"	
<http://purl.obolibrary.org/obo/UBERON_0000992>	<http://www.geneontology.org/formats/oboInOwl#hasExactSynonym>	"gonad of genitalia of female organism"	
<http://purl.obolibrary.org/obo/UBERON_0000992>	<http://www.geneontology.org/formats/oboInOwl#hasExactSynonym>	"gonad of female organism genitalia"	
<http://purl.obolibrary.org/obo/UBERON_0000992>	<http://www.geneontology.org/formats/oboInOwl#hasExactSynonym>	"gonada of reproductive system of female organism"	
<http://purl.obolibrary.org/obo/UBERON_0000992>	<http://www.geneontology.org/formats/oboInOwl#hasExactSynonym>	"female gonad"	
<http://purl.obolibrary.org/obo/UBERON_0000992>	<http://www.geneontology.org/formats/oboInOwl#hasExactSynonym>	"ovum-producing ovary"	
<http://purl.obolibrary.org/obo/UBERON_0000992>	<http://www.geneontology.org/formats/oboInOwl#hasExactSynonym>	"reproductive system of female organism gonada"	
<http://purl.obolibrary.org/obo/UBERON_0034944>	<http://www.geneontology.org/formats/oboInOwl#hasExactSynonym>	"organ sector"	
<http://purl.obolibrary.org/obo/UBERON_0034944>	<http://www.geneontology.org/formats/oboInOwl#hasExactSynonym>	"organ zone"	
<http://purl.obolibrary.org/obo/UBERON_0034944>	<http://www.geneontology.org/formats/oboInOwl#hasExactSynonym>	"organ zonal region"	
<http://purl.obolibrary.org/obo/UBERON_0005172>	<http://www.geneontology.org/formats/oboInOwl#hasExactSynonym>	"abdomen organ"	
<http://purl.obolibrary.org/obo/UBERON_0002268>	<http://www.geneontology.org/formats/oboInOwl#hasExactSynonym>	"olfactory organ"	
<http://purl.obolibrary.org/obo/UBERON_0002268>	<http://www.geneontology.org/formats/oboInOwl#hasExactSynonym>	"olfactory sensory organ"	
<http://purl.obolibrary.org/obo/UBERON_0002268>	<http://www.geneontology.org/formats/oboInOwl#hasExactSynonym>	"olfactory sense organ"	
<http://purl.obolibrary.org/obo/UBERON_0013515>	<http://www.geneontology.org/formats/oboInOwl#hasExactSynonym>	"subdivision of oviduct"	
<http://purl.obolibrary.org/obo/UBERON_0013515>	<http://www.geneontology.org/formats/oboInOwl#hasExactSynonym>	"zone of uterine tube"	
<http://purl.obolibrary.org/obo/UBERON_0013515>	<http://www.geneontology.org/formats/oboInOwl#hasExactSynonym>	"subdivision of uterine tube"	
<http://purl.obolibrary.org/obo/UBERON_0013515>	<http://www.geneontology.org/formats/oboInOwl#hasExactSynonym>	"uterine tube zone"	
<http://purl.obolibrary.org/obo/UBERON_0000020>	<http://www.geneontology.org/formats/oboInOwl#hasExactSynonym>	"organ of sensory system"	
<http://purl.obolibrary.org/obo/UBERON_0000020>	<http://www.geneontology.org/formats/oboInOwl#hasExactSynonym>	"sensory system organ"	
<http://purl.obolibrary.org/obo/UBERON_0000020>	<http://www.geneontology.org/formats/oboInOwl#hasExactSynonym>	"sensory organ system organ"	
<http://purl.obolibrary.org/obo/UBERON_0000020>	<http://www.geneontology.org/formats/oboInOwl#hasExactSynonym>	"organ of sense organ system"	
<http://purl.obolibrary.org/obo/UBERON_0000020>	<http://www.geneontology.org/formats/oboInOwl#hasExactSynonym>	"sensory organ"	
<http://purl.obolibrary.org/obo/UBERON_0000020>	<http://www.geneontology.org/formats/oboInOwl#hasExactSynonym>	"sense organ system organ"	
<http://purl.obolibrary.org/obo/UBERON_0000020>	<http://www.geneontology.org/formats/oboInOwl#hasExactSynonym>	"organ of sensory organ system"	
<http://purl.obolibrary.org/obo/UBERON_0001705>	<http://www.geneontology.org/formats/oboInOwl#hasExactSynonym>	"nail/claw"	
<http://purl.obolibrary.org/obo/UBERON_0001037>	<http://www.geneontology.org/formats/oboInOwl#hasExactSynonym>	"hair"	
<http://purl.obolibrary.org/obo/ENVO_00003074>	<http://www.geneontology.org/formats/oboInOwl#hasExactSynonym>	"manufactured good"	
<http://purl.obolibrary.org/obo/UBERON_0001827>	<http://www.geneontology.org/formats/oboInOwl#hasExactSynonym>	"lacrimal secretion"	
<http://purl.obolibrary.org/obo/UBERON_0001827>	<http://www.geneontology.org/formats/oboInOwl#hasExactSynonym>	"tear"	
<http://purl.obolibrary.org/obo/UBERON_0001827>	<http://www.geneontology.org/formats/oboInOwl#hasExactSynonym>	"lacrimal fluid"	
<http://purl.obolibrary.org/obo/UBERON_0001827>	<http://www.geneontology.org/formats/oboInOwl#hasExactSynonym>	"lacrimal gland secretion"	
<http://purl.obolibrary.org/obo/UBERON_0001827>	<http://www.geneontology.org/formats/oboInOwl#hasExactSynonym>	"tears"	
<http://purl.obolibrary.org/obo/UBERON_0000064>	<http://www.geneontology.org/formats/oboInOwl#hasExactSynonym>	"cardinal organ part"	
<http://purl.obolibrary.org/obo/UBERON_0000463>	<http://www.geneontology.org/formats/oboInOwl#hasExactSynonym>	"portion of organism substance"	
<http://purl.obolibrary.org/obo/UBERON_0000463>	<http://www.geneontology.org/formats/oboInOwl#hasExactSynonym>	"portion of body substance"	
<http://purl.obolibrary.org/obo/UBERON_0000463>	<http://www.geneontology.org/formats/oboInOwl#hasExactSynonym>	"organism substance"	
<http://purl.obolibrary.org/obo/UBERON_0000463>	<http://www.geneontology.org/formats/oboInOwl#hasExactSynonym>	"body fluid or substance"	
<http://purl.obolibrary.org/obo/UBERON_0000463>	<http://www.geneontology.org/formats/oboInOwl#hasExactSynonym>	"body substance"	
<http://purl.obolibrary.org/obo/UBERON_0000310>	<http://www.geneontology.org/formats/oboInOwl#hasExactSynonym>	"mammary region"	
<http://purl.obolibrary.org/obo/UBERON_0000310>	<http://www.geneontology.org/formats/oboInOwl#hasExactSynonym>	"mammary part of chest"	
<http://purl.obolibrary.org/obo/UBERON_0005177>	<http://www.geneontology.org/formats/oboInOwl#hasExactSynonym>	"trunk organ"	
<http://purl.obolibrary.org/obo/ENVO_01000254>	<http://www.geneontology.org/formats/oboInOwl#hasExactSynonym>	"environment"	
<http://purl.obolibrary.org/obo/UBERON_0000079>	<http://www.geneontology.org/formats/oboInOwl#hasExactSynonym>	"reproductive system of male organism"	
<http://purl.obolibrary.org/obo/UBERON_0000079>	<http://www.geneontology.org/formats/oboInOwl#hasExactSynonym>	"male organism genitalia"	
<http://purl.obolibrary.org/obo/UBERON_0000079>	<http://www.geneontology.org/formats/oboInOwl#hasExactSynonym>	"male genitalia"	
<http://purl.obolibrary.org/obo/UBERON_0000079>	<http://www.geneontology.org/formats/oboInOwl#hasExactSynonym>	"genitalia of male organism"	
<http://purl.obolibrary.org/obo/UBERON_0000079>	<http://www.geneontology.org/formats/oboInOwl#hasExactSynonym>	"male genital system"	
<http://purl.obolibrary.org/obo/UBERON_0000079>	<http://www.geneontology.org/formats/oboInOwl#hasExactSynonym>	"male organism reproductive system"	
<http://purl.obolibrary.org/obo/UBERON_0000079>	<http://www.geneontology.org/formats/oboInOwl#hasExactSynonym>	"male genitals"	
<http://purl.obolibrary.org/obo/UBERON_0005178>	<http://www.geneontology.org/formats/oboInOwl#hasExactSynonym>	"thoracic cavity organ"	
<http://purl.obolibrary.org/obo/UBERON_0001988>	<http://www.geneontology.org/formats/oboInOwl#hasExactSynonym>	"piece of shit"	
<http://purl.obolibrary.org/obo/UBERON_0001988>	<http://www.geneontology.org/formats/oboInOwl#hasExactSynonym>	"merde@fr"	
<http://purl.obolibrary.org/obo/UBERON_0001988>	<http://www.geneontology.org/formats/oboInOwl#hasExactSynonym>	"portion of excrement"	
<http://purl.obolibrary.org/obo/UBERON_0001988>	<http://www.geneontology.org/formats/oboInOwl#hasExactSynonym>	"partie de la merde@fr"	
<http://purl.obolibrary.org/obo/UBERON_0001988>	<http://www.geneontology.org/formats/oboInOwl#hasExactSynonym>	"portionem cacas"	
<http://purl.obolibrary.org/obo/UBERON_0001988>	<http://www.geneontology.org/formats/oboInOwl#hasExactSynonym>	"faeces"	
<http://purl.obolibrary.org/obo/UBERON_0001988>	<http://www.geneontology.org/formats/oboInOwl#hasExactSynonym>	"portion of fecal matter"	
<http://purl.obolibrary.org/obo/UBERON_0001988>	<http://www.geneontology.org/formats/oboInOwl#hasExactSynonym>	"teil der fkalien@de"	
<http://purl.obolibrary.org/obo/UBERON_0001988>	<http://www.geneontology.org/formats/oboInOwl#hasExactSynonym>	"matires fcales@fr"	
<http://purl.obolibrary.org/obo/UBERON_0001988>	<http://www.geneontology.org/formats/oboInOwl#hasExactSynonym>	"porcin de mierda@es"	
<http://purl.obolibrary.org/obo/UBERON_0001988>	<http://www.geneontology.org/formats/oboInOwl#hasExactSynonym>	"portion of fecal material"	
<http://purl.obolibrary.org/obo/UBERON_0001988>	<http://www.geneontology.org/formats/oboInOwl#hasExactSynonym>	"portion of feces"	
<http://purl.obolibrary.org/obo/UBERON_0001988>	<http://www.geneontology.org/formats/oboInOwl#hasExactSynonym>	"portion of faeces"	
<http://purl.obolibrary.org/obo/UBERON_0001988>	<http://www.geneontology.org/formats/oboInOwl#hasExactSynonym>	"fecal matter"	
<http://purl.obolibrary.org/obo/UBERON_0001988>	<http://www.geneontology.org/formats/oboInOwl#hasExactSynonym>	"fecal material"	
<http://purl.obolibrary.org/obo/UBERON_0001988>	<http://www.geneontology.org/formats/oboInOwl#hasExactSynonym>	"stool"	
<http://purl.obolibrary.org/obo/UBERON_0034947>	<http://www.geneontology.org/formats/oboInOwl#hasExactSynonym>	"respiratory gas"	
<http://purl.obolibrary.org/obo/UBERON_0034947>	<http://www.geneontology.org/formats/oboInOwl#hasExactSynonym>	"respiratory system gas"	
<http://purl.obolibrary.org/obo/UBERON_0000165>	<http://www.geneontology.org/formats/oboInOwl#hasExactSynonym>	"regio oralis"	
<http://purl.obolibrary.org/obo/UBERON_0002368>	<http://www.geneontology.org/formats/oboInOwl#hasExactSynonym>	"glandula endocrina"	
<http://purl.obolibrary.org/obo/UBERON_0002368>	<http://www.geneontology.org/formats/oboInOwl#hasExactSynonym>	"ductless gland"	
<http://purl.obolibrary.org/obo/UBERON_0001155>	<http://www.geneontology.org/formats/oboInOwl#hasExactSynonym>	"large bowel"	
<http://purl.obolibrary.org/obo/UBERON_0002046>	<http://www.geneontology.org/formats/oboInOwl#hasExactSynonym>	"thyroid"	
<http://purl.obolibrary.org/obo/UBERON_0000042>	<http://www.geneontology.org/formats/oboInOwl#hasExactSynonym>	"tunica serosa"	
<http://purl.obolibrary.org/obo/UBERON_0000042>	<http://www.geneontology.org/formats/oboInOwl#hasExactSynonym>	"wall of serous sac"	
<http://purl.obolibrary.org/obo/UBERON_0007794>	<http://www.geneontology.org/formats/oboInOwl#hasExactSynonym>	"serosal fluid"	
<http://purl.obolibrary.org/obo/UBERON_0007794>	<http://www.geneontology.org/formats/oboInOwl#hasExactSynonym>	"serous gland fluid"	
<http://purl.obolibrary.org/obo/UBERON_0006858>	<http://www.geneontology.org/formats/oboInOwl#hasExactSynonym>	"adrenal gland/interrenal tissue"	
<http://purl.obolibrary.org/obo/UBERON_0006858>	<http://www.geneontology.org/formats/oboInOwl#hasExactSynonym>	"adrenal gland - interrenal gland"	
<http://purl.obolibrary.org/obo/UBERON_0000004>	<http://www.geneontology.org/formats/oboInOwl#hasExactSynonym>	"peripheral olfactory organ"	
<http://purl.obolibrary.org/obo/UBERON_0000004>	<http://www.geneontology.org/formats/oboInOwl#hasExactSynonym>	"nasal sac"	
<http://purl.obolibrary.org/obo/UBERON_0000004>	<http://www.geneontology.org/formats/oboInOwl#hasExactSynonym>	"nose"	
<http://purl.obolibrary.org/obo/UBERON_0002367>	<http://www.geneontology.org/formats/oboInOwl#hasExactSynonym>	"prostate"	
<http://purl.obolibrary.org/obo/UBERON_0002367>	<http://www.geneontology.org/formats/oboInOwl#hasExactSynonym>	"male prostate"	
<http://purl.obolibrary.org/obo/UBERON_0000061>	<http://www.geneontology.org/formats/oboInOwl#hasExactSynonym>	"connected biological structure"	
<http://purl.obolibrary.org/obo/UBERON_0000061>	<http://www.geneontology.org/formats/oboInOwl#hasExactSynonym>	"biological structure"	
<http://purl.obolibrary.org/obo/UBERON_0000014>	<http://www.geneontology.org/formats/oboInOwl#hasExactSynonym>	"skin zone"	
<http://purl.obolibrary.org/obo/UBERON_0000014>	<http://www.geneontology.org/formats/oboInOwl#hasExactSynonym>	"portion of skin"	
<http://purl.obolibrary.org/obo/UBERON_0000014>	<http://www.geneontology.org/formats/oboInOwl#hasExactSynonym>	"region of skin"	
<http://purl.obolibrary.org/obo/UBERON_0000014>	<http://www.geneontology.org/formats/oboInOwl#hasExactSynonym>	"skin"	
<http://purl.obolibrary.org/obo/UBERON_0000014>	<http://www.geneontology.org/formats/oboInOwl#hasExactSynonym>	"skin region"	
<http://purl.obolibrary.org/obo/UBERON_0006314>	<http://www.geneontology.org/formats/oboInOwl#hasExactSynonym>	"body fluid"	
<http://purl.obolibrary.org/obo/UBERON_0010172>	<http://www.geneontology.org/formats/oboInOwl#hasExactSynonym>	"aortic root"	
<http://purl.obolibrary.org/obo/UBERON_0010172>	<http://www.geneontology.org/formats/oboInOwl#hasExactSynonym>	"supraaortic valve area"	
<http://purl.obolibrary.org/obo/UBERON_0010172>	<http://www.geneontology.org/formats/oboInOwl#hasExactSynonym>	"aorta bulb"	
<http://purl.obolibrary.org/obo/UBERON_0010172>	<http://www.geneontology.org/formats/oboInOwl#hasExactSynonym>	"aortic bulb"	
<http://purl.obolibrary.org/obo/UBERON_0010172>	<http://www.geneontology.org/formats/oboInOwl#hasExactSynonym>	"bulbus aortae"	
<http://purl.obolibrary.org/obo/UBERON_0010172>	<http://www.geneontology.org/formats/oboInOwl#hasExactSynonym>	"bulb of ascending aorta"	
<http://purl.obolibrary.org/obo/UBERON_0010172>	<http://www.geneontology.org/formats/oboInOwl#hasExactSynonym>	"root of aorta"	
<http://purl.obolibrary.org/obo/UBERON_0000172>	<http://www.geneontology.org/formats/oboInOwl#hasExactSynonym>	"vomitus"	
<http://purl.obolibrary.org/obo/UBERON_0001052>	<http://www.geneontology.org/formats/oboInOwl#hasExactSynonym>	"terminal portion of intestine"	
<http://purl.obolibrary.org/obo/UBERON_0035944>	<http://www.geneontology.org/formats/oboInOwl#hasExactSynonym>	"moment of death"	
<http://purl.obolibrary.org/obo/UBERON_0035944>	<http://www.geneontology.org/formats/oboInOwl#hasExactSynonym>	"end of life cycle"	
<http://purl.obolibrary.org/obo/UBERON_0035944>	<http://www.geneontology.org/formats/oboInOwl#hasExactSynonym>	"time of death"	
<http://purl.obolibrary.org/obo/UBERON_0002075>	<http://www.geneontology.org/formats/oboInOwl#hasExactSynonym>	"visceral organ"	
<http://purl.obolibrary.org/obo/UBERON_0002075>	<http://www.geneontology.org/formats/oboInOwl#hasExactSynonym>	"visceral organ system"	
<http://purl.obolibrary.org/obo/UBERON_0001359>	<http://www.geneontology.org/formats/oboInOwl#hasExactSynonym>	"cerebral spinal fluid"	
<http://purl.obolibrary.org/obo/UBERON_0001359>	<http://www.geneontology.org/formats/oboInOwl#hasExactSynonym>	"CSF"	
<http://purl.obolibrary.org/obo/UBERON_0003133>	<http://www.geneontology.org/formats/oboInOwl#hasExactSynonym>	"sex organ"	
<http://purl.obolibrary.org/obo/UBERON_0003133>	<http://www.geneontology.org/formats/oboInOwl#hasExactSynonym>	"reproductive system organ"	
<http://purl.obolibrary.org/obo/UBERON_0003133>	<http://www.geneontology.org/formats/oboInOwl#hasExactSynonym>	"genital organ"	
<http://purl.obolibrary.org/obo/UBERON_0007221>	<http://www.geneontology.org/formats/oboInOwl#hasExactSynonym>	"neonatal stage"	
<http://purl.obolibrary.org/obo/UBERON_0017672>	<http://www.geneontology.org/formats/oboInOwl#hasExactSynonym>	"abdominal viscera"	
<http://purl.obolibrary.org/obo/UBERON_0017672>	<http://www.geneontology.org/formats/oboInOwl#hasExactSynonym>	"set of abdominal viscera"	
<http://purl.obolibrary.org/obo/UBERON_0017672>	<http://www.geneontology.org/formats/oboInOwl#hasExactSynonym>	"abdominal viscera set"	
<http://purl.obolibrary.org/obo/UBERON_0013755>	<http://www.geneontology.org/formats/oboInOwl#hasExactSynonym>	"blood in artery"	
<http://purl.obolibrary.org/obo/UBERON_0013755>	<http://www.geneontology.org/formats/oboInOwl#hasExactSynonym>	"portion of arterial blood"	
<http://purl.obolibrary.org/obo/UBERON_0013755>	<http://www.geneontology.org/formats/oboInOwl#hasExactSynonym>	"arterial blood"	
<http://purl.obolibrary.org/obo/UBERON_0005173>	<http://www.geneontology.org/formats/oboInOwl#hasExactSynonym>	"abdominal segment organ"	
<http://purl.obolibrary.org/obo/UBERON_0000473>	<http://www.geneontology.org/formats/oboInOwl#hasExactSynonym>	"male gonad"	
<http://purl.obolibrary.org/obo/UBERON_0000473>	<http://www.geneontology.org/formats/oboInOwl#hasExactSynonym>	"gonad of male genitalia"	
<http://purl.obolibrary.org/obo/UBERON_0000473>	<http://www.geneontology.org/formats/oboInOwl#hasExactSynonym>	"gonad of male reproductive system"	
<http://purl.obolibrary.org/obo/UBERON_0000473>	<http://www.geneontology.org/formats/oboInOwl#hasExactSynonym>	"testicle"	
<http://purl.obolibrary.org/obo/UBERON_0002369>	<http://www.geneontology.org/formats/oboInOwl#hasExactSynonym>	"glandula suprarenalis"	
<http://purl.obolibrary.org/obo/UBERON_0002369>	<http://www.geneontology.org/formats/oboInOwl#hasExactSynonym>	"glandula adrenalis"	
<http://purl.obolibrary.org/obo/UBERON_0001913>	<http://www.geneontology.org/formats/oboInOwl#hasExactSynonym>	"mammary gland milk"	
<http://purl.obolibrary.org/obo/UBERON_0034873>	<http://www.geneontology.org/formats/oboInOwl#hasExactSynonym>	"gas in anatomical space"	
<http://purl.obolibrary.org/obo/UBERON_0034873>	<http://www.geneontology.org/formats/oboInOwl#hasExactSynonym>	"portion of gas in anatomical space"	
<http://purl.obolibrary.org/obo/UBERON_0000991>	<http://www.geneontology.org/formats/oboInOwl#hasExactSynonym>	"gonada"	
<http://purl.obolibrary.org/obo/UBERON_0001977>	<http://www.geneontology.org/formats/oboInOwl#hasExactSynonym>	"serum"	
