?cls	?xref
<http://purl.obolibrary.org/obo/UBERON_0002048>	"BTO:0000763"
<http://purl.obolibrary.org/obo/UBERON_0002048>	"UMLS:C0024109"
<http://purl.obolibrary.org/obo/UBERON_0002048>	"MA:0000415"
<http://purl.obolibrary.org/obo/UBERON_0002048>	"MESH:D008168"
<http://purl.obolibrary.org/obo/UBERON_0002048>	"CALOHA:TS-0568"
<http://purl.obolibrary.org/obo/UBERON_0002048>	"NCIT:C12468"
<http://purl.obolibrary.org/obo/UBERON_0002048>	"MIAA:0000135"
<http://purl.obolibrary.org/obo/UBERON_0002048>	<http://linkedlifedata.com/resource/umls/id/C0024109>
<http://purl.obolibrary.org/obo/UBERON_0002048>	"XAO:0000119"
<http://purl.obolibrary.org/obo/UBERON_0002048>	<http://orcid.org/0000-0002-6601-2165>
<http://purl.obolibrary.org/obo/UBERON_0002048>	"EHDAA2:0001042"
<http://purl.obolibrary.org/obo/UBERON_0002048>	"AAO:0000275"
<http://purl.obolibrary.org/obo/UBERON_0002048>	"OpenCyc:Mx4rvVjKy5wpEbGdrcN5Y29ycA"
<http://purl.obolibrary.org/obo/UBERON_0002048>	"EHDAA:2205"
<http://purl.obolibrary.org/obo/UBERON_0002048>	"AAO:0010567"
<http://purl.obolibrary.org/obo/UBERON_0002048>	"GAID:345"
<http://purl.obolibrary.org/obo/UBERON_0002048>	<http://en.wikipedia.org/wiki/Lung>
<http://purl.obolibrary.org/obo/UBERON_0002048>	"FMA:7195"
<http://purl.obolibrary.org/obo/UBERON_0002048>	"MAT:0000135"
<http://purl.obolibrary.org/obo/UBERON_0002048>	"EV:0100042"
<http://purl.obolibrary.org/obo/UBERON_0002048>	"EHDAA:1554"
<http://purl.obolibrary.org/obo/UBERON_0002048>	"EFO:0000934"
<http://purl.obolibrary.org/obo/UBERON_0002048>	"VHOG:0000310"
<http://purl.obolibrary.org/obo/UBERON_0002048>	<http://www.snomedbrowser.com/Codes/Details/181216001>
<http://purl.obolibrary.org/obo/UBERON_0002048>	"EMAPA:16728"
<http://purl.obolibrary.org/obo/UBERON_0002048>	"galen:Lung"
<http://purl.obolibrary.org/obo/UBERON_0002106>	"EV:0100055"
<http://purl.obolibrary.org/obo/UBERON_0002106>	"VHOG:0000120"
<http://purl.obolibrary.org/obo/UBERON_0002106>	<http://en.wikipedia.org/wiki/Spleen>
<http://purl.obolibrary.org/obo/UBERON_0002106>	"galen:Spleen"
<http://purl.obolibrary.org/obo/UBERON_0002106>	"CALOHA:TS-0956"
<http://purl.obolibrary.org/obo/UBERON_0002106>	"MIAA:0000085"
<http://purl.obolibrary.org/obo/UBERON_0002106>	"AAO:0010395"
<http://purl.obolibrary.org/obo/UBERON_0002106>	"XAO:0000328"
<http://purl.obolibrary.org/obo/UBERON_0002106>	"MAT:0000085"
<http://purl.obolibrary.org/obo/UBERON_0002106>	<http://linkedlifedata.com/resource/umls/id/C0037993>
<http://purl.obolibrary.org/obo/UBERON_0002106>	"ZFA:0000436"
<http://purl.obolibrary.org/obo/UBERON_0002106>	"EFO:0000869"
<http://purl.obolibrary.org/obo/UBERON_0002106>	"NCIT:C12432"
<http://purl.obolibrary.org/obo/UBERON_0002106>	"FMA:7196"
<http://purl.obolibrary.org/obo/UBERON_0002106>	"MESH:A15.382.520.604.713"
<http://purl.obolibrary.org/obo/UBERON_0002106>	"GAID:1289"
<http://purl.obolibrary.org/obo/UBERON_0002106>	"TAO:0000436"
<http://purl.obolibrary.org/obo/UBERON_0002106>	"MA:0000141"
<http://purl.obolibrary.org/obo/UBERON_0002106>	"OpenCyc:Mx4rvVjgw5wpEbGdrcN5Y29ycA"
<http://purl.obolibrary.org/obo/UBERON_0002106>	"BTO:0001281"
<http://purl.obolibrary.org/obo/UBERON_0002106>	"ISBN:0-683-40008-8"
<http://purl.obolibrary.org/obo/UBERON_0002106>	"UMLS:C0037993"
<http://purl.obolibrary.org/obo/UBERON_0002106>	<http://www.snomedbrowser.com/Codes/Details/181279003>
<http://purl.obolibrary.org/obo/UBERON_0002106>	"EMAPA:18767"
<http://purl.obolibrary.org/obo/UBERON_0002106>	"MP:0000689"
<http://purl.obolibrary.org/obo/UBERON_0000989>	"BTO:0000405"
<http://purl.obolibrary.org/obo/UBERON_0000989>	"MP:0005187"
<http://purl.obolibrary.org/obo/UBERON_0000989>	"EMAPA_RETIRED:18996"
<http://purl.obolibrary.org/obo/UBERON_0000989>	"MIAA:0000186"
<http://purl.obolibrary.org/obo/UBERON_0000989>	"NCIT:C12409"
<http://purl.obolibrary.org/obo/UBERON_0000989>	"EV:0100107"
<http://purl.obolibrary.org/obo/UBERON_0000989>	"galen:Penis"
<http://purl.obolibrary.org/obo/UBERON_0000989>	"ISBN:0-683-40008-8"
<http://purl.obolibrary.org/obo/UBERON_0000989>	"MA:0000408"
<http://purl.obolibrary.org/obo/UBERON_0000989>	<http://www.snomedbrowser.com/Codes/Details/265793009>
<http://purl.obolibrary.org/obo/UBERON_0000989>	"MESH:D010413"
<http://purl.obolibrary.org/obo/UBERON_0000989>	<http://linkedlifedata.com/resource/umls/id/C0030851>
<http://purl.obolibrary.org/obo/UBERON_0000989>	"FMA:9707"
<http://purl.obolibrary.org/obo/UBERON_0000989>	"OpenCyc:Mx4rvVjkCZwpEbGdrcN5Y29ycA"
<http://purl.obolibrary.org/obo/UBERON_0000989>	"CALOHA:TS-0758"
<http://purl.obolibrary.org/obo/UBERON_0000989>	"EFO:0000987"
<http://purl.obolibrary.org/obo/UBERON_0000989>	"MAT:0000186"
<http://purl.obolibrary.org/obo/UBERON_0000989>	"UMLS:C0030851"
<http://purl.obolibrary.org/obo/UBERON_0000989>	<http://orcid.org/0000-0002-6601-2165>
<http://purl.obolibrary.org/obo/UBERON_0000989>	"EMAPA:18682"
<http://purl.obolibrary.org/obo/UBERON_0000989>	"EHDAA:9380"
<http://purl.obolibrary.org/obo/UBERON_0000989>	"EHDAA2:0001433"
<http://purl.obolibrary.org/obo/UBERON_0000989>	<http://en.wikipedia.org/wiki/Penis>
<http://purl.obolibrary.org/obo/UBERON_0000989>	"VHOG:0000727"
<http://purl.obolibrary.org/obo/UBERON_0000989>	"GAID:389"
<http://purl.obolibrary.org/obo/UBERON_0003937>	"MA:0001751"
<http://purl.obolibrary.org/obo/UBERON_0003937>	"OBOL:automatic"
<http://purl.obolibrary.org/obo/UBERON_0003937>	"MP:0000653"
<http://purl.obolibrary.org/obo/UBERON_0007311>	"GAID:1171"
<http://purl.obolibrary.org/obo/UBERON_0007311>	"NCIT:C13278"
<http://purl.obolibrary.org/obo/UBERON_0007311>	"CALOHA:TS-0963"
<http://purl.obolibrary.org/obo/UBERON_0007311>	"UMLS:C0038056"
<http://purl.obolibrary.org/obo/UBERON_0007311>	"MA:0002536"
<http://purl.obolibrary.org/obo/UBERON_0007311>	"Dorlands_Medical_Dictionary:MerckSource"
<http://purl.obolibrary.org/obo/UBERON_0007311>	"BTO:0001297"
<http://purl.obolibrary.org/obo/UBERON_0007311>	<http://linkedlifedata.com/resource/umls/id/C0038056>
<http://purl.obolibrary.org/obo/UBERON_0007311>	"FMA:312401"
<http://purl.obolibrary.org/obo/UBERON_0007311>	"MESH:D013183"
<http://purl.obolibrary.org/obo/UBERON_0007311>	"EMAPA:36553"
<http://purl.obolibrary.org/obo/UBERON_0000178>	<http://linkedlifedata.com/resource/umls/id/C0005767>
<http://purl.obolibrary.org/obo/UBERON_0000178>	"galen:Blood"
<http://purl.obolibrary.org/obo/UBERON_0000178>	"BTO:0000089"
<http://purl.obolibrary.org/obo/UBERON_0000178>	"MESH:D001769"
<http://purl.obolibrary.org/obo/UBERON_0000178>	<https://github.com/obophenotype/uberon/issues/9>
<http://purl.obolibrary.org/obo/UBERON_0000178>	"XAO:0000124"
<http://purl.obolibrary.org/obo/UBERON_0000178>	"EFO:0000296"
<http://purl.obolibrary.org/obo/UBERON_0000178>	"AAO:0000046"
<http://purl.obolibrary.org/obo/UBERON_0000178>	"EHDAA2:0000176"
<http://purl.obolibrary.org/obo/UBERON_0000178>	"VHOG:0000224"
<http://purl.obolibrary.org/obo/UBERON_0000178>	"EMAPA:16332"
<http://purl.obolibrary.org/obo/UBERON_0000178>	"GAID:965"
<http://purl.obolibrary.org/obo/UBERON_0000178>	"MA:0000059"
<http://purl.obolibrary.org/obo/UBERON_0000178>	"OpenCyc:Mx4rvVjI8JwpEbGdrcN5Y29ycA"
<http://purl.obolibrary.org/obo/UBERON_0000178>	<http://orcid.org/0000-0002-6601-2165>
<http://purl.obolibrary.org/obo/UBERON_0000178>	"UMLS:C0005767"
<http://purl.obolibrary.org/obo/UBERON_0000178>	"EV:0100047"
<http://purl.obolibrary.org/obo/UBERON_0000178>	"EHDAA:418"
<http://purl.obolibrary.org/obo/UBERON_0000178>	"MIAA:0000315"
<http://purl.obolibrary.org/obo/UBERON_0000178>	"CALOHA:TS-0079"
<http://purl.obolibrary.org/obo/UBERON_0000178>	"ZFA:0000007"
<http://purl.obolibrary.org/obo/UBERON_0000178>	"FMA:9670"
<http://purl.obolibrary.org/obo/UBERON_0000178>	"NCIT:C12434"
<http://purl.obolibrary.org/obo/UBERON_0000178>	<http://en.wikipedia.org/wiki/Blood>
<http://purl.obolibrary.org/obo/UBERON_0000178>	"ENVO:02000027"
<http://purl.obolibrary.org/obo/UBERON_0000178>	"TAO:0000007"
<http://purl.obolibrary.org/obo/UBERON_0004921>	"FBbt:00100315"
<http://purl.obolibrary.org/obo/UBERON_0004921>	"FMA:71131"
<http://purl.obolibrary.org/obo/UBERON_0004921>	<http://orcid.org/0000-0002-6601-2165>
<http://purl.obolibrary.org/obo/UBERON_0001560>	"FMA:45733"
<http://purl.obolibrary.org/obo/UBERON_0000977>	"EFO:0001980"
<http://purl.obolibrary.org/obo/UBERON_0000977>	<http://en.wikipedia.org/wiki/Pleura>
<http://purl.obolibrary.org/obo/UBERON_0000977>	"GAID:360"
<http://purl.obolibrary.org/obo/UBERON_0000977>	"UBERON:cjm"
<http://purl.obolibrary.org/obo/UBERON_0000977>	<https://en.wikipedia.org/wiki/Pulmonary_pleurae>
<http://purl.obolibrary.org/obo/UBERON_0000977>	"UMLS:C0032225"
<http://purl.obolibrary.org/obo/UBERON_0000977>	"MP:0010820"
<http://purl.obolibrary.org/obo/UBERON_0000977>	"NCIT:C12469"
<http://purl.obolibrary.org/obo/UBERON_0000977>	<https://github.com/obophenotype/uberon/issues/1231>
<http://purl.obolibrary.org/obo/UBERON_0000977>	"EMAPA:16775"
<http://purl.obolibrary.org/obo/UBERON_0000977>	"BTO:0001791"
<http://purl.obolibrary.org/obo/UBERON_0000977>	"MA:0000433"
<http://purl.obolibrary.org/obo/UBERON_0000977>	"OpenCyc:Mx4rv3zwLZwpEbGdrcN5Y29ycA"
<http://purl.obolibrary.org/obo/UBERON_0000977>	"ISBN:0-683-40008-8"
<http://purl.obolibrary.org/obo/UBERON_0000977>	"EV:0100044"
<http://purl.obolibrary.org/obo/UBERON_0000977>	"CALOHA:TS-2081"
<http://purl.obolibrary.org/obo/UBERON_0000977>	"FMA:9583"
<http://purl.obolibrary.org/obo/UBERON_0000977>	"VHOG:0000394"
<http://purl.obolibrary.org/obo/UBERON_0000977>	<http://www.snomedbrowser.com/Codes/Details/181609007>
<http://purl.obolibrary.org/obo/UBERON_0000977>	<http://linkedlifedata.com/resource/umls/id/C0032225>
<http://purl.obolibrary.org/obo/UBERON_0000977>	"MESH:D010994"
<http://purl.obolibrary.org/obo/UBERON_0002530>	"FMA:7146"
<http://purl.obolibrary.org/obo/UBERON_0002530>	<http://en.wikipedia.org/wiki/Gland>
<http://purl.obolibrary.org/obo/UBERON_0002530>	"FMA:86294"
<http://purl.obolibrary.org/obo/UBERON_0002530>	"galen:Gland"
<http://purl.obolibrary.org/obo/UBERON_0002530>	"EHDAA:2161"
<http://purl.obolibrary.org/obo/UBERON_0002530>	"UMLS:C1285092"
<http://purl.obolibrary.org/obo/UBERON_0002530>	"HAO:0000375"
<http://purl.obolibrary.org/obo/UBERON_0002530>	"AEO:0000096"
<http://purl.obolibrary.org/obo/UBERON_0002530>	<http://www.snomedbrowser.com/Codes/Details/134358001>
<http://purl.obolibrary.org/obo/UBERON_0002530>	"EFO:0000797"
<http://purl.obolibrary.org/obo/UBERON_0002530>	"EHDAA2:0003096"
<http://purl.obolibrary.org/obo/UBERON_0002530>	"OpenCyc:Mx4rwP3vyJwpEbGdrcN5Y29ycA"
<http://purl.obolibrary.org/obo/UBERON_0002530>	"FBbt:00100317"
<http://purl.obolibrary.org/obo/UBERON_0002530>	"MA:0003038"
<http://purl.obolibrary.org/obo/UBERON_0002530>	"MGI:csmith"
<http://purl.obolibrary.org/obo/UBERON_0002530>	"EMAPA:18425"
<http://purl.obolibrary.org/obo/UBERON_0002530>	"BTO:0000522"
<http://purl.obolibrary.org/obo/UBERON_0002530>	"WikipediaCategory:Glands"
<http://purl.obolibrary.org/obo/UBERON_0002530>	"NCIT:C13319"
<http://purl.obolibrary.org/obo/UBERON_0002530>	"MIAA:0000021"
<http://purl.obolibrary.org/obo/UBERON_0002530>	<http://orcid.org/0000-0002-6601-2165>
<http://purl.obolibrary.org/obo/UBERON_0002530>	"EHDAA:4475"
<http://purl.obolibrary.org/obo/UBERON_0002530>	"EHDAA:6522"
<http://purl.obolibrary.org/obo/UBERON_0002530>	"AAO:0000212"
<http://purl.obolibrary.org/obo/UBERON_0002530>	"MAT:0000021"
<http://purl.obolibrary.org/obo/UBERON_0002530>	<http://linkedlifedata.com/resource/umls/id/C1285092>
<http://purl.obolibrary.org/obo/UBERON_0002530>	"MP:0002163"
<http://purl.obolibrary.org/obo/UBERON_0000104>	"ncithesaurus:Life"
<http://purl.obolibrary.org/obo/UBERON_0000104>	"MmusDv:0000001"
<http://purl.obolibrary.org/obo/UBERON_0000104>	"HsapDv:0000001"
<http://purl.obolibrary.org/obo/UBERON_0000104>	"OGES:000011"
<http://purl.obolibrary.org/obo/UBERON_0000104>	"FBdv:00000000"
<http://purl.obolibrary.org/obo/UBERON_0000996>	<http://en.wikipedia.org/wiki/Vagina>
<http://purl.obolibrary.org/obo/UBERON_0000996>	"MAT:0000128"
<http://purl.obolibrary.org/obo/UBERON_0000996>	"EFO:0000976"
<http://purl.obolibrary.org/obo/UBERON_0000996>	"galen:Vagina"
<http://purl.obolibrary.org/obo/UBERON_0000996>	"NCIT:C12407"
<http://purl.obolibrary.org/obo/UBERON_0000996>	"MA:0000394"
<http://purl.obolibrary.org/obo/UBERON_0000996>	"EMAPA:18986"
<http://purl.obolibrary.org/obo/UBERON_0000996>	"FMA:19949"
<http://purl.obolibrary.org/obo/UBERON_0000996>	<http://linkedlifedata.com/resource/umls/id/C0042232>
<http://purl.obolibrary.org/obo/UBERON_0000996>	"VHOG:0001138"
<http://purl.obolibrary.org/obo/UBERON_0000996>	"EV:0100117"
<http://purl.obolibrary.org/obo/UBERON_0000996>	<http://orcid.org/0000-0002-6601-2165>
<http://purl.obolibrary.org/obo/UBERON_0000996>	"UMLS:C0042232"
<http://purl.obolibrary.org/obo/UBERON_0000996>	"MESH:D014621"
<http://purl.obolibrary.org/obo/UBERON_0000996>	"BTO:0000243"
<http://purl.obolibrary.org/obo/UBERON_0000996>	"GAID:381"
<http://purl.obolibrary.org/obo/UBERON_0000996>	"OpenCyc:Mx4rvVj1B5wpEbGdrcN5Y29ycA"
<http://purl.obolibrary.org/obo/UBERON_0000996>	"CALOHA:TS-1103"
<http://purl.obolibrary.org/obo/UBERON_0000996>	<http://www.snomedbrowser.com/Codes/Details/181441005>
<http://purl.obolibrary.org/obo/UBERON_0000996>	"MIAA:0000128"
<http://purl.obolibrary.org/obo/UBERON_0013756>	"FMA:83067"
<http://purl.obolibrary.org/obo/UBERON_0013756>	"OBOL:automatic"
<http://purl.obolibrary.org/obo/UBERON_0000479>	"WBbt:0005729"
<http://purl.obolibrary.org/obo/UBERON_0000479>	<http://uri.neuinfo.org/nif/nifstd/birnlex_19>
<http://purl.obolibrary.org/obo/UBERON_0000479>	"VHOG:0001757"
<http://purl.obolibrary.org/obo/UBERON_0000479>	"galen:Tissue"
<http://purl.obolibrary.org/obo/UBERON_0000479>	"CARO:0000043"
<http://purl.obolibrary.org/obo/UBERON_0000479>	"EMAPA:35868"
<http://purl.obolibrary.org/obo/UBERON_0000479>	<http://linkedlifedata.com/resource/umls/id/C0040300>
<http://purl.obolibrary.org/obo/UBERON_0000479>	"EHDAA2:0003043"
<http://purl.obolibrary.org/obo/UBERON_0000479>	"AAO:0000607"
<http://purl.obolibrary.org/obo/UBERON_0000479>	"TGMA:0001844"
<http://purl.obolibrary.org/obo/UBERON_0000479>	"ZFA:0001477"
<http://purl.obolibrary.org/obo/UBERON_0000479>	"MESH:D014024"
<http://purl.obolibrary.org/obo/UBERON_0000479>	"FMA:9637"
<http://purl.obolibrary.org/obo/UBERON_0000479>	"FBbt:00007003"
<http://purl.obolibrary.org/obo/UBERON_0000479>	"NCIT:C12801"
<http://purl.obolibrary.org/obo/UBERON_0000479>	"TAO:0001477"
<http://purl.obolibrary.org/obo/UBERON_0000479>	"UMLS:C0040300"
<http://purl.obolibrary.org/obo/UBERON_0000479>	"AEO:0000043"
<http://purl.obolibrary.org/obo/UBERON_0000479>	"XAO:0003040"
<http://purl.obolibrary.org/obo/UBERON_0000479>	"CALOHA:TS-2090"
<http://purl.obolibrary.org/obo/UBERON_0000479>	"HAO:0000043"
<http://purl.obolibrary.org/obo/UBERON_0000479>	"MA:0003002"
<http://purl.obolibrary.org/obo/UBERON_0000479>	"BILA:0000043"
<http://purl.obolibrary.org/obo/UBERON_0000479>	"AAO:0010054"
<http://purl.obolibrary.org/obo/UBERON_0010000>	"CARO:0010000"
<http://purl.obolibrary.org/obo/UBERON_0010000>	"FBbt:00100313"
<http://purl.obolibrary.org/obo/UBERON_0000002>	"BTO:0002249"
<http://purl.obolibrary.org/obo/UBERON_0000002>	"MESH:D002584"
<http://purl.obolibrary.org/obo/UBERON_0000002>	<http://orcid.org/0000-0002-6601-2165>
<http://purl.obolibrary.org/obo/UBERON_0000002>	"FMA:TA"
<http://purl.obolibrary.org/obo/UBERON_0000002>	"MAT:0000292"
<http://purl.obolibrary.org/obo/UBERON_0000002>	"galen:CervixUteri"
<http://purl.obolibrary.org/obo/UBERON_0000002>	"EFO:0000979"
<http://purl.obolibrary.org/obo/UBERON_0000002>	"BTO:0001421"
<http://purl.obolibrary.org/obo/UBERON_0000002>	<http://linkedlifedata.com/resource/umls/id/C0007874>
<http://purl.obolibrary.org/obo/UBERON_0000002>	<http://www.snomedbrowser.com/Codes/Details/181453009>
<http://purl.obolibrary.org/obo/UBERON_0000002>	"OpenCyc:Mx4rvVipEJwpEbGdrcN5Y29ycA"
<http://purl.obolibrary.org/obo/UBERON_0000002>	"FMA:17740"
<http://purl.obolibrary.org/obo/UBERON_0000002>	"EMAPA:29927"
<http://purl.obolibrary.org/obo/UBERON_0000002>	<http://en.wikipedia.org/wiki/Cervix>
<http://purl.obolibrary.org/obo/UBERON_0000002>	"EV:0100114"
<http://purl.obolibrary.org/obo/UBERON_0000002>	"VHOG:0001359"
<http://purl.obolibrary.org/obo/UBERON_0000002>	"GAID:376"
<http://purl.obolibrary.org/obo/UBERON_0000002>	"CALOHA:TS-0134"
<http://purl.obolibrary.org/obo/UBERON_0000002>	"MA:0000392"
<http://purl.obolibrary.org/obo/UBERON_0000002>	"UMLS:C0007874"
<http://purl.obolibrary.org/obo/UBERON_0000002>	"NCIT:C12311"
<http://purl.obolibrary.org/obo/UBERON_0005181>	"EMAPA:37271"
<http://purl.obolibrary.org/obo/UBERON_0005181>	<http://orcid.org/0000-0002-6601-2165>
<http://purl.obolibrary.org/obo/UBERON_0005181>	"MA:0000563"
<http://purl.obolibrary.org/obo/UBERON_0000174>	"GO:0007588"
<http://purl.obolibrary.org/obo/UBERON_0000174>	"ENVO:02000022"
<http://purl.obolibrary.org/obo/UBERON_0000174>	"EHDAA2_RETIRED:0003184"
<http://purl.obolibrary.org/obo/UBERON_0000174>	<http://orcid.org/0000-0002-6601-2165>
<http://purl.obolibrary.org/obo/UBERON_0000174>	"BTO:0000491"
<http://purl.obolibrary.org/obo/UBERON_0000174>	"galen:Excretion"
<http://purl.obolibrary.org/obo/UBERON_0000174>	"FMA:9674"
<http://purl.obolibrary.org/obo/UBERON_0000174>	"AEO:0000184"
<http://purl.obolibrary.org/obo/UBERON_0000057>	"XAO:0000153"
<http://purl.obolibrary.org/obo/UBERON_0000057>	"MESH:D014521"
<http://purl.obolibrary.org/obo/UBERON_0000057>	<http://www.snomedbrowser.com/Codes/Details/302513006>
<http://purl.obolibrary.org/obo/UBERON_0000057>	"CALOHA:TS-1132"
<http://purl.obolibrary.org/obo/UBERON_0000057>	"MIAA:0000121"
<http://purl.obolibrary.org/obo/UBERON_0000057>	"MP:0000537"
<http://purl.obolibrary.org/obo/UBERON_0000057>	"EFO:0000931"
<http://purl.obolibrary.org/obo/UBERON_0000057>	"GAID:390"
<http://purl.obolibrary.org/obo/UBERON_0000057>	"EMAPA:30901"
<http://purl.obolibrary.org/obo/UBERON_0000057>	"UMLS:C0041967"
<http://purl.obolibrary.org/obo/UBERON_0000057>	"NCIT:C12417"
<http://purl.obolibrary.org/obo/UBERON_0000057>	"BTO:0001426"
<http://purl.obolibrary.org/obo/UBERON_0000057>	"OpenCyc:Mx4rvVjkypwpEbGdrcN5Y29ycA"
<http://purl.obolibrary.org/obo/UBERON_0000057>	"MA:0000379"
<http://purl.obolibrary.org/obo/UBERON_0000057>	<http://linkedlifedata.com/resource/umls/id/C0041967>
<http://purl.obolibrary.org/obo/UBERON_0000057>	"VHOG:0001264"
<http://purl.obolibrary.org/obo/UBERON_0000057>	"FMA:19667"
<http://purl.obolibrary.org/obo/UBERON_0000057>	"MAT:0000121"
<http://purl.obolibrary.org/obo/UBERON_0000057>	"MGI:anna"
<http://purl.obolibrary.org/obo/UBERON_0000057>	<http://en.wikipedia.org/wiki/Urethra>
<http://purl.obolibrary.org/obo/UBERON_0000057>	"EV:0100099"
<http://purl.obolibrary.org/obo/UBERON_0000057>	"galen:Urethra"
<http://purl.obolibrary.org/obo/UBERON_0001836>	"ENVO:02000036"
<http://purl.obolibrary.org/obo/UBERON_0001836>	<http://en.wikipedia.org/wiki/Saliva>
<http://purl.obolibrary.org/obo/UBERON_0001836>	"GAID:1167"
<http://purl.obolibrary.org/obo/UBERON_0001836>	"OpenCyc:Mx4rvVjJ95wpEbGdrcN5Y29ycA"
<http://purl.obolibrary.org/obo/UBERON_0001836>	"MESH:D012463"
<http://purl.obolibrary.org/obo/UBERON_0001836>	"galen:Saliva"
<http://purl.obolibrary.org/obo/UBERON_0001836>	"CALOHA:TS-0891"
<http://purl.obolibrary.org/obo/UBERON_0001836>	"MAT:0000444"
<http://purl.obolibrary.org/obo/UBERON_0001836>	<http://linkedlifedata.com/resource/umls/id/C0036087>
<http://purl.obolibrary.org/obo/UBERON_0001836>	"BTO:0001202"
<http://purl.obolibrary.org/obo/UBERON_0001836>	"FMA:59862"
<http://purl.obolibrary.org/obo/UBERON_0001836>	"UMLS:C0036087"
<http://purl.obolibrary.org/obo/UBERON_0001836>	"NCIT:C13275"
<http://purl.obolibrary.org/obo/UBERON_0001836>	"EMAPA:36536"
<http://purl.obolibrary.org/obo/UBERON_0001836>	"GO:0046541"
<http://purl.obolibrary.org/obo/UBERON_0001836>	"MA:0002507"
<http://purl.obolibrary.org/obo/UBERON_0001970>	"CALOHA:TS-1172"
<http://purl.obolibrary.org/obo/UBERON_0001970>	"FMA:62971"
<http://purl.obolibrary.org/obo/UBERON_0001970>	"BTO:0000121"
<http://purl.obolibrary.org/obo/UBERON_0001970>	"ZFA:0005857"
<http://purl.obolibrary.org/obo/UBERON_0001970>	"MA:0002513"
<http://purl.obolibrary.org/obo/UBERON_0001970>	"MESH:D001646"
<http://purl.obolibrary.org/obo/UBERON_0001970>	"UMLS:C0005388"
<http://purl.obolibrary.org/obo/UBERON_0001970>	<http://en.wikipedia.org/wiki/Bile>
<http://purl.obolibrary.org/obo/UBERON_0001970>	"NCIT:C13192"
<http://purl.obolibrary.org/obo/UBERON_0001970>	"GAID:1157"
<http://purl.obolibrary.org/obo/UBERON_0001970>	"ENVO:02000023"
<http://purl.obolibrary.org/obo/UBERON_0001970>	"galen:Bile"
<http://purl.obolibrary.org/obo/UBERON_0001970>	<http://linkedlifedata.com/resource/umls/id/C0005388>
<http://purl.obolibrary.org/obo/UBERON_0001970>	<https://doi.org/10.1002/cphy.c120027>
<http://purl.obolibrary.org/obo/UBERON_0001969>	"GAID:1178"
<http://purl.obolibrary.org/obo/UBERON_0001969>	<http://orcid.org/0000-0002-6601-2165>
<http://purl.obolibrary.org/obo/UBERON_0001969>	<http://linkedlifedata.com/resource/umls/id/C0032105>
<http://purl.obolibrary.org/obo/UBERON_0001969>	"MIAA:0000052"
<http://purl.obolibrary.org/obo/UBERON_0001969>	"MESH:D010949"
<http://purl.obolibrary.org/obo/UBERON_0001969>	"EMAPA:35690"
<http://purl.obolibrary.org/obo/UBERON_0001969>	"CALOHA:TS-0800"
<http://purl.obolibrary.org/obo/UBERON_0001969>	"FMA:62970"
<http://purl.obolibrary.org/obo/UBERON_0001969>	"MAT:0000052"
<http://purl.obolibrary.org/obo/UBERON_0001969>	"OpenCyc:Mx4rEg4ZYrIbEduAAAAOpmP6tw"
<http://purl.obolibrary.org/obo/UBERON_0001969>	<http://en.wikipedia.org/wiki/Blood_plasma>
<http://purl.obolibrary.org/obo/UBERON_0001969>	"NCIT:C13356"
<http://purl.obolibrary.org/obo/UBERON_0001969>	"UMLS:C0032105"
<http://purl.obolibrary.org/obo/UBERON_0001969>	"EFO:0001905"
<http://purl.obolibrary.org/obo/UBERON_0001969>	"BTO:0000131"
<http://purl.obolibrary.org/obo/UBERON_0001969>	"MA:0002501"
<http://purl.obolibrary.org/obo/UBERON_0001690>	<http://linkedlifedata.com/resource/umls/id/C0521421>
<http://purl.obolibrary.org/obo/UBERON_0001690>	"MAT:0000138"
<http://purl.obolibrary.org/obo/UBERON_0001690>	"EV:0100353"
<http://purl.obolibrary.org/obo/UBERON_0001690>	"galen:Ear"
<http://purl.obolibrary.org/obo/UBERON_0001690>	"MA:0000236"
<http://purl.obolibrary.org/obo/UBERON_0001690>	"UMLS:C0013443"
<http://purl.obolibrary.org/obo/UBERON_0001690>	"EMAPA:16193"
<http://purl.obolibrary.org/obo/UBERON_0001690>	<http://en.wikipedia.org/wiki/Ear>
<http://purl.obolibrary.org/obo/UBERON_0001690>	"EHDAA:502"
<http://purl.obolibrary.org/obo/UBERON_0001690>	"OpenCyc:Mx4rvVjL05wpEbGdrcN5Y29ycA"
<http://purl.obolibrary.org/obo/UBERON_0001690>	"OpenCyc:Mx4rvViXS5wpEbGdrcN5Y29ycA"
<http://purl.obolibrary.org/obo/UBERON_0001690>	"MIAA:0000138"
<http://purl.obolibrary.org/obo/UBERON_0001690>	"UMLS:C0521421"
<http://purl.obolibrary.org/obo/UBERON_0001690>	"EFO:0000826"
<http://purl.obolibrary.org/obo/UBERON_0001690>	"BTO:0000368"
<http://purl.obolibrary.org/obo/UBERON_0001690>	<http://www.snomedbrowser.com/Codes/Details/1910005>
<http://purl.obolibrary.org/obo/UBERON_0001690>	"XAO:0000189"
<http://purl.obolibrary.org/obo/UBERON_0001690>	"CALOHA:TS-1165"
<http://purl.obolibrary.org/obo/UBERON_0001690>	"VHOG:0000330"
<http://purl.obolibrary.org/obo/UBERON_0001690>	"NCIT:C12394"
<http://purl.obolibrary.org/obo/UBERON_0001690>	"MESH:D004423"
<http://purl.obolibrary.org/obo/UBERON_0001690>	<http://uri.neuinfo.org/nif/nifstd/birnlex_1062>
<http://purl.obolibrary.org/obo/UBERON_0001690>	"EHDAA2:0000423"
<http://purl.obolibrary.org/obo/UBERON_0001690>	"FMA:52780"
<http://purl.obolibrary.org/obo/UBERON_0001690>	"GAID:62"
<http://purl.obolibrary.org/obo/UBERON_0001690>	<http://linkedlifedata.com/resource/umls/id/C0013443>
<http://purl.obolibrary.org/obo/UBERON_0001690>	"AAO:0011014"
<http://purl.obolibrary.org/obo/UBERON_0001690>	"GO:0042471"
<http://purl.obolibrary.org/obo/UBERON_0001089>	"MA:0002539"
<http://purl.obolibrary.org/obo/UBERON_0001089>	"GAID:1172"
<http://purl.obolibrary.org/obo/UBERON_0001089>	<http://linkedlifedata.com/resource/umls/id/C0038984>
<http://purl.obolibrary.org/obo/UBERON_0001089>	"ENVO:02000025"
<http://purl.obolibrary.org/obo/UBERON_0001089>	"NCIT:C13280"
<http://purl.obolibrary.org/obo/UBERON_0001089>	<http://en.wikipedia.org/wiki/Sweat>
<http://purl.obolibrary.org/obo/UBERON_0001089>	"UMLS:C0038984"
<http://purl.obolibrary.org/obo/UBERON_0001089>	"OpenCyc:Mx4rvVjJtZwpEbGdrcN5Y29ycA"
<http://purl.obolibrary.org/obo/UBERON_0001089>	"BTO:0001254"
<http://purl.obolibrary.org/obo/UBERON_0001089>	"FMA:12275"
<http://purl.obolibrary.org/obo/UBERON_0001089>	"MESH:D013542"
<http://purl.obolibrary.org/obo/UBERON_0002371>	"MIAA:0000084"
<http://purl.obolibrary.org/obo/UBERON_0002371>	<http://www.snomedbrowser.com/Codes/Details/421320006>
<http://purl.obolibrary.org/obo/UBERON_0002371>	"BTO:0000141"
<http://purl.obolibrary.org/obo/UBERON_0002371>	"EV:0100046"
<http://purl.obolibrary.org/obo/UBERON_0002371>	"MAT:0000084"
<http://purl.obolibrary.org/obo/UBERON_0002371>	"galen:BoneMarrow"
<http://purl.obolibrary.org/obo/UBERON_0002371>	"MP:0002397"
<http://purl.obolibrary.org/obo/UBERON_0002371>	"EMAPA:32760"
<http://purl.obolibrary.org/obo/UBERON_0002371>	"MESH:D001853"
<http://purl.obolibrary.org/obo/UBERON_0002371>	"VHOG:0001218"
<http://purl.obolibrary.org/obo/UBERON_0002371>	"CALOHA:TS-0087"
<http://purl.obolibrary.org/obo/UBERON_0002371>	"MA:0000134"
<http://purl.obolibrary.org/obo/UBERON_0002371>	<http://en.wikipedia.org/wiki/Bone_marrow>
<http://purl.obolibrary.org/obo/UBERON_0002371>	"UMLS:C0005953"
<http://purl.obolibrary.org/obo/UBERON_0002371>	"BTO:0000829"
<http://purl.obolibrary.org/obo/UBERON_0002371>	<http://linkedlifedata.com/resource/umls/id/C0005953>
<http://purl.obolibrary.org/obo/UBERON_0002371>	"AAO:0011007"
<http://purl.obolibrary.org/obo/UBERON_0002371>	"XAO:0000123"
<http://purl.obolibrary.org/obo/UBERON_0002371>	"EFO:0000868"
<http://purl.obolibrary.org/obo/UBERON_0002371>	"OpenCyc:Mx4rvVm-FpwpEbGdrcN5Y29ycA"
<http://purl.obolibrary.org/obo/UBERON_0002371>	"FMA:9608"
<http://purl.obolibrary.org/obo/UBERON_0002371>	"MGI:cwg"
<http://purl.obolibrary.org/obo/UBERON_0002371>	"GAID:1287"
<http://purl.obolibrary.org/obo/UBERON_0002371>	"NCIT:C12431"
<http://purl.obolibrary.org/obo/UBERON_0000456>	"EMAPA:36535"
<http://purl.obolibrary.org/obo/UBERON_0000456>	"BTO:0002977"
<http://purl.obolibrary.org/obo/UBERON_0000456>	"BTO:0002979"
<http://purl.obolibrary.org/obo/UBERON_0000456>	<http://orcid.org/0000-0002-6601-2165>
<http://purl.obolibrary.org/obo/UBERON_0000456>	"FMA:9675"
<http://purl.obolibrary.org/obo/UBERON_0000456>	<http://linkedlifedata.com/resource/umls/id/C1516992>
<http://purl.obolibrary.org/obo/UBERON_0000456>	"galen:Secretion"
<http://purl.obolibrary.org/obo/UBERON_0000456>	"AEO:0001005"
<http://purl.obolibrary.org/obo/UBERON_0000456>	"UMLS:C1516992"
<http://purl.obolibrary.org/obo/UBERON_0000456>	"MA:0002504"
<http://purl.obolibrary.org/obo/UBERON_0000456>	"MESH:D012634"
<http://purl.obolibrary.org/obo/UBERON_0000456>	"NCIT:C34062"
<http://purl.obolibrary.org/obo/UBERON_0000021>	"CALOHA:TS-0051"
<http://purl.obolibrary.org/obo/UBERON_0000021>	<https://orcid.org/0000-0002-6601-2165>
<http://purl.obolibrary.org/obo/UBERON_0000021>	"FMA:71012"
<http://purl.obolibrary.org/obo/UBERON_0000021>	<http://www.snomedbrowser.com/Codes/Details/276160000>
<http://purl.obolibrary.org/obo/UBERON_0000992>	"AAO:0000371"
<http://purl.obolibrary.org/obo/UBERON_0000992>	"MP:0001126"
<http://purl.obolibrary.org/obo/UBERON_0000992>	<http://www.snomedbrowser.com/Codes/Details/181464007>
<http://purl.obolibrary.org/obo/UBERON_0000992>	"OBOL:automatic"
<http://purl.obolibrary.org/obo/UBERON_0000992>	"EV:0100111"
<http://purl.obolibrary.org/obo/UBERON_0000992>	"MESH:D010053"
<http://purl.obolibrary.org/obo/UBERON_0000992>	"BSA:0000080"
<http://purl.obolibrary.org/obo/UBERON_0000992>	"FBbt:00004865"
<http://purl.obolibrary.org/obo/UBERON_0000992>	"ZFA:0000403"
<http://purl.obolibrary.org/obo/UBERON_0000992>	"BTO:0000975"
<http://purl.obolibrary.org/obo/UBERON_0000992>	"GO:0061039"
<http://purl.obolibrary.org/obo/UBERON_0000992>	"MA:0000384"
<http://purl.obolibrary.org/obo/UBERON_0000992>	"ISBN:0-683-40008-8"
<http://purl.obolibrary.org/obo/UBERON_0000992>	"GAID:367"
<http://purl.obolibrary.org/obo/UBERON_0000992>	"VHOG:0000251"
<http://purl.obolibrary.org/obo/UBERON_0000992>	"EFO:0000973"
<http://purl.obolibrary.org/obo/UBERON_0000992>	"CALOHA:TS-0730"
<http://purl.obolibrary.org/obo/UBERON_0000992>	"EHDAA2:0001360"
<http://purl.obolibrary.org/obo/UBERON_0000992>	"MIAA:0000125"
<http://purl.obolibrary.org/obo/UBERON_0000992>	"FMA:7209"
<http://purl.obolibrary.org/obo/UBERON_0000992>	"NCIT:C12404"
<http://purl.obolibrary.org/obo/UBERON_0000992>	<http://en.wikipedia.org/wiki/Ovary>
<http://purl.obolibrary.org/obo/UBERON_0000992>	"EMAPA:17962"
<http://purl.obolibrary.org/obo/UBERON_0000992>	"TAO:0000403"
<http://purl.obolibrary.org/obo/UBERON_0000992>	"XAO:0000258"
<http://purl.obolibrary.org/obo/UBERON_0000992>	<http://linkedlifedata.com/resource/umls/id/C0029939>
<http://purl.obolibrary.org/obo/UBERON_0000992>	"BILA:0000125"
<http://purl.obolibrary.org/obo/UBERON_0000992>	"UMLS:C0029939"
<http://purl.obolibrary.org/obo/UBERON_0000992>	"EHDAA:8124"
<http://purl.obolibrary.org/obo/UBERON_0000992>	"OpenCyc:Mx4rvVi9QJwpEbGdrcN5Y29ycA"
<http://purl.obolibrary.org/obo/UBERON_0009564>	<http://www.ncbi.nlm.nih.gov/pubmed/11710767>
<http://purl.obolibrary.org/obo/UBERON_0009564>	"MESH:D006724"
<http://purl.obolibrary.org/obo/UBERON_0002358>	<http://linkedlifedata.com/resource/umls/id/C0031153>
<http://purl.obolibrary.org/obo/UBERON_0002358>	"MESH:A01.047.025.600"
<http://purl.obolibrary.org/obo/UBERON_0002358>	"galen:Peritoneum"
<http://purl.obolibrary.org/obo/UBERON_0002358>	"XAO:0000139"
<http://purl.obolibrary.org/obo/UBERON_0002358>	"MA:0000449"
<http://purl.obolibrary.org/obo/UBERON_0002358>	"VHOG:0001257"
<http://purl.obolibrary.org/obo/UBERON_0002358>	"CALOHA:TS-2072"
<http://purl.obolibrary.org/obo/UBERON_0002358>	"AAO:0010814"
<http://purl.obolibrary.org/obo/UBERON_0002358>	"ZFA:0005120"
<http://purl.obolibrary.org/obo/UBERON_0002358>	"GAID:18"
<http://purl.obolibrary.org/obo/UBERON_0002358>	"FMA:9584"
<http://purl.obolibrary.org/obo/UBERON_0002358>	"TAO:0005120"
<http://purl.obolibrary.org/obo/UBERON_0002358>	"OpenCyc:Mx4rvjJ72ZwpEbGdrcN5Y29ycA"
<http://purl.obolibrary.org/obo/UBERON_0002358>	<http://en.wikipedia.org/wiki/Peritoneum>
<http://purl.obolibrary.org/obo/UBERON_0002358>	"BTO:0001472"
<http://purl.obolibrary.org/obo/UBERON_0002358>	"EV:0100087"
<http://purl.obolibrary.org/obo/UBERON_0002358>	"UMLS:C0031153"
<http://purl.obolibrary.org/obo/UBERON_0002358>	"NCIT:C12770"
<http://purl.obolibrary.org/obo/UBERON_0034944>	"FMA:55268"
<http://purl.obolibrary.org/obo/UBERON_0005172>	<http://orcid.org/0000-0002-6601-2165>
<http://purl.obolibrary.org/obo/UBERON_0005172>	"MA:0000522"
<http://purl.obolibrary.org/obo/UBERON_0005172>	<http://www.snomedbrowser.com/Codes/Details/272631008>
<http://purl.obolibrary.org/obo/UBERON_0002268>	"FBbt:00005158"
<http://purl.obolibrary.org/obo/UBERON_0002268>	"FMA:77659"
<http://purl.obolibrary.org/obo/UBERON_0002268>	"BTO:0001772"
<http://purl.obolibrary.org/obo/UBERON_0002268>	"VHOG:0000287"
<http://purl.obolibrary.org/obo/UBERON_0002268>	"XAO:0000273"
<http://purl.obolibrary.org/obo/UBERON_0002268>	"AAO:0010180"
<http://purl.obolibrary.org/obo/UBERON_0002268>	"UBERON:cjm"
<http://purl.obolibrary.org/obo/UBERON_0013515>	"FMA:18302"
<http://purl.obolibrary.org/obo/UBERON_0013515>	<http://orcid.org/0000-0002-6601-2165>
<http://purl.obolibrary.org/obo/UBERON_0001968>	"UMLS:C2756969"
<http://purl.obolibrary.org/obo/UBERON_0001968>	"EMAPA:31488"
<http://purl.obolibrary.org/obo/UBERON_0001968>	"MESH:D012661"
<http://purl.obolibrary.org/obo/UBERON_0001968>	<http://linkedlifedata.com/resource/umls/id/C1518159>
<http://purl.obolibrary.org/obo/UBERON_0001968>	"NCIT:C13277"
<http://purl.obolibrary.org/obo/UBERON_0001968>	"MA:0002522"
<http://purl.obolibrary.org/obo/UBERON_0001968>	"GAID:1169"
<http://purl.obolibrary.org/obo/UBERON_0001968>	"CALOHA:TS-0917"
<http://purl.obolibrary.org/obo/UBERON_0001968>	"UMLS:C1518159"
<http://purl.obolibrary.org/obo/UBERON_0001968>	"OpenCyc:Mx4rvgC-zpwpEbGdrcN5Y29ycA"
<http://purl.obolibrary.org/obo/UBERON_0001968>	"NCIT:C13713"
<http://purl.obolibrary.org/obo/UBERON_0001968>	<http://orcid.org/0000-0002-6601-2165>
<http://purl.obolibrary.org/obo/UBERON_0001968>	"BTO:0001230"
<http://purl.obolibrary.org/obo/UBERON_0001968>	"FMA:62966"
<http://purl.obolibrary.org/obo/UBERON_0001968>	<http://en.wikipedia.org/wiki/Semen>
<http://purl.obolibrary.org/obo/UBERON_0001968>	<http://linkedlifedata.com/resource/umls/id/C2756969>
<http://purl.obolibrary.org/obo/UBERON_0000020>	"EHDAA2:0001824"
<http://purl.obolibrary.org/obo/UBERON_0000020>	"NCIT:C33224"
<http://purl.obolibrary.org/obo/UBERON_0000020>	"VHOG:0001407"
<http://purl.obolibrary.org/obo/UBERON_0000020>	"HAO:0000930"
<http://purl.obolibrary.org/obo/UBERON_0000020>	<http://linkedlifedata.com/resource/umls/id/C0935626>
<http://purl.obolibrary.org/obo/UBERON_0000020>	"GAID:63"
<http://purl.obolibrary.org/obo/UBERON_0000020>	"BTO:0000202"
<http://purl.obolibrary.org/obo/UBERON_0000020>	"EHDAA:500"
<http://purl.obolibrary.org/obo/UBERON_0000020>	<https://github.com/obophenotype/uberon/issues/549>
<http://purl.obolibrary.org/obo/UBERON_0000020>	"OBOL:automatic"
<http://purl.obolibrary.org/obo/UBERON_0000020>	"EMAPA:35955"
<http://purl.obolibrary.org/obo/UBERON_0000020>	"UMLS:C0935626"
<http://purl.obolibrary.org/obo/UBERON_0000020>	"FBbt:00005155"
<http://purl.obolibrary.org/obo/UBERON_0000020>	"WBbt:0006929"
<http://purl.obolibrary.org/obo/UBERON_0000020>	<https://orcid.org/0000-0002-6601-2165>
<http://purl.obolibrary.org/obo/UBERON_0000020>	"BSA:0000121"
<http://purl.obolibrary.org/obo/UBERON_0000020>	"AEO:0000094"
<http://purl.obolibrary.org/obo/UBERON_0000020>	"OBOL:accepted"
<http://purl.obolibrary.org/obo/UBERON_0000020>	"CALOHA:TS-2043"
<http://purl.obolibrary.org/obo/UBERON_0000020>	"MA:0000017"
<http://purl.obolibrary.org/obo/UBERON_0000020>	<http://www.snomedbrowser.com/Codes/Details/244485009>
<http://purl.obolibrary.org/obo/UBERON_0000020>	"MESH:D012679"
<http://purl.obolibrary.org/obo/UBERON_0002107>	"GAID:288"
<http://purl.obolibrary.org/obo/UBERON_0002107>	"ZFA:0000123"
<http://purl.obolibrary.org/obo/UBERON_0002107>	"EFO:0000887"
<http://purl.obolibrary.org/obo/UBERON_0002107>	"MAT:0000097"
<http://purl.obolibrary.org/obo/UBERON_0002107>	"AAO:0010111"
<http://purl.obolibrary.org/obo/UBERON_0002107>	"VHOG:0000257"
<http://purl.obolibrary.org/obo/UBERON_0002107>	"MESH:D008099"
<http://purl.obolibrary.org/obo/UBERON_0002107>	"EMAPA:16846"
<http://purl.obolibrary.org/obo/UBERON_0002107>	"OpenCyc:Mx4rvVimppwpEbGdrcN5Y29ycA"
<http://purl.obolibrary.org/obo/UBERON_0002107>	"BTO:0000759"
<http://purl.obolibrary.org/obo/UBERON_0002107>	"MIAA:0000097"
<http://purl.obolibrary.org/obo/UBERON_0002107>	<http://en.wikipedia.org/wiki/Liver>
<http://purl.obolibrary.org/obo/UBERON_0002107>	"UMLS:C0023884"
<http://purl.obolibrary.org/obo/UBERON_0002107>	"XAO:0000133"
<http://purl.obolibrary.org/obo/UBERON_0002107>	<http://linkedlifedata.com/resource/umls/id/C0023884>
<http://purl.obolibrary.org/obo/UBERON_0002107>	"EHDAA:2197"
<http://purl.obolibrary.org/obo/UBERON_0002107>	"galen:Liver"
<http://purl.obolibrary.org/obo/UBERON_0002107>	<http://www.snomedbrowser.com/Codes/Details/181268008>
<http://purl.obolibrary.org/obo/UBERON_0002107>	"EHDAA2:0000997"
<http://purl.obolibrary.org/obo/UBERON_0002107>	"TAO:0000123"
<http://purl.obolibrary.org/obo/UBERON_0002107>	"CALOHA:TS-0564"
<http://purl.obolibrary.org/obo/UBERON_0002107>	"EV:0100089"
<http://purl.obolibrary.org/obo/UBERON_0002107>	"FMA:7197"
<http://purl.obolibrary.org/obo/UBERON_0002107>	"NCIT:C12392"
<http://purl.obolibrary.org/obo/UBERON_0002107>	"MA:0000358"
<http://purl.obolibrary.org/obo/UBERON_0001705>	"XAO:0003103"
<http://purl.obolibrary.org/obo/UBERON_0001705>	<https://github.com/obophenotype/uberon/issues/120>
<http://purl.obolibrary.org/obo/UBERON_0001705>	<http://www.snomedbrowser.com/Codes/Details/72651009>
<http://purl.obolibrary.org/obo/UBERON_0001705>	"EV:0100159"
<http://purl.obolibrary.org/obo/UBERON_0001705>	<http://linkedlifedata.com/resource/umls/id/C0027342>
<http://purl.obolibrary.org/obo/UBERON_0001705>	<http://en.wikipedia.org/wiki/Nail_(anatomy)>
<http://purl.obolibrary.org/obo/UBERON_0001705>	"GAID:1320"
<http://purl.obolibrary.org/obo/UBERON_0001705>	"MA:0002703"
<http://purl.obolibrary.org/obo/UBERON_0001705>	<http://orcid.org/0000-0002-6601-2165>
<http://purl.obolibrary.org/obo/UBERON_0001705>	"EFO:0000956"
<http://purl.obolibrary.org/obo/UBERON_0001705>	<http://en.wikipedia.org/wiki/Claw>
<http://purl.obolibrary.org/obo/UBERON_0001705>	"CALOHA:TS-2034"
<http://purl.obolibrary.org/obo/UBERON_0001705>	"MAT:0000158"
<http://purl.obolibrary.org/obo/UBERON_0001705>	"MIAA:0000158"
<http://purl.obolibrary.org/obo/UBERON_0001705>	"galen:Nail"
<http://purl.obolibrary.org/obo/UBERON_0001705>	"EMAPA:35580"
<http://purl.obolibrary.org/obo/UBERON_0001705>	"NCIT:C33156"
<http://purl.obolibrary.org/obo/UBERON_0001705>	"OpenCyc:Mx4rvVjJv5wpEbGdrcN5Y29ycA"
<http://purl.obolibrary.org/obo/UBERON_0001705>	"UMLS:C0027342"
<http://purl.obolibrary.org/obo/UBERON_0001705>	"BTO:0001719"
<http://purl.obolibrary.org/obo/UBERON_0001705>	"MESH:D009262"
<http://purl.obolibrary.org/obo/UBERON_0001705>	"VHOG:0001361"
<http://purl.obolibrary.org/obo/UBERON_0001705>	"FMA:54326"
<http://purl.obolibrary.org/obo/UBERON_0008811>	"HAO:0000091"
<http://purl.obolibrary.org/obo/UBERON_0008811>	"FBbt:00004850"
<http://purl.obolibrary.org/obo/UBERON_0008811>	"TAO:0002036"
<http://purl.obolibrary.org/obo/UBERON_0008811>	"AAO:0010255"
<http://purl.obolibrary.org/obo/UBERON_0008811>	<http://en.wikipedia.org/wiki/Intromittent_organ>
<http://purl.obolibrary.org/obo/UBERON_0008811>	"TGMA:0000585"
<http://purl.obolibrary.org/obo/UBERON_0001037>	<http://en.wikipedia.org/wiki/Hair>
<http://purl.obolibrary.org/obo/UBERON_0001037>	<http://linkedlifedata.com/resource/umls/id/C0018494>
<http://purl.obolibrary.org/obo/UBERON_0001037>	"UMLS:C0018494"
<http://purl.obolibrary.org/obo/UBERON_0001037>	"GAID:71"
<http://purl.obolibrary.org/obo/UBERON_0001037>	"EMAPA:18769"
<http://purl.obolibrary.org/obo/UBERON_0001037>	"NCIT:C32705"
<http://purl.obolibrary.org/obo/UBERON_0001037>	"OpenCyc:Mx4rvVjOX5wpEbGdrcN5Y29ycA-Mp88EdaAAACgycbRww"
<http://purl.obolibrary.org/obo/UBERON_0001037>	"BTO:0001501"
<http://purl.obolibrary.org/obo/UBERON_0001037>	"MIAA:0000160"
<http://purl.obolibrary.org/obo/UBERON_0001037>	"MA:0000155"
<http://purl.obolibrary.org/obo/UBERON_0001037>	"MAT:0000160"
<http://purl.obolibrary.org/obo/UBERON_0001037>	<http://www.snomedbrowser.com/Codes/Details/361702001>
<http://purl.obolibrary.org/obo/UBERON_0001037>	"EFO:0000958"
<http://purl.obolibrary.org/obo/UBERON_0001037>	"MESH:D006197"
<http://purl.obolibrary.org/obo/UBERON_0001037>	"VHOG:0001191"
<http://purl.obolibrary.org/obo/UBERON_0001037>	"CALOHA:TS-0430"
<http://purl.obolibrary.org/obo/UBERON_0001037>	"EV:0100157"
<http://purl.obolibrary.org/obo/UBERON_0001037>	"FMA:53667"
<http://purl.obolibrary.org/obo/UBERON_0001827>	"galen:Tears"
<http://purl.obolibrary.org/obo/UBERON_0001827>	"NCIT:C33739"
<http://purl.obolibrary.org/obo/UBERON_0001827>	<http://en.wikipedia.org/wiki/Tear>
<http://purl.obolibrary.org/obo/UBERON_0001827>	"MA:0002508"
<http://purl.obolibrary.org/obo/UBERON_0001827>	"galen:Tear"
<http://purl.obolibrary.org/obo/UBERON_0001827>	"MESH:D013666"
<http://purl.obolibrary.org/obo/UBERON_0001827>	"FMA:59756"
<http://purl.obolibrary.org/obo/UBERON_0001827>	"ENVO:02000034"
<http://purl.obolibrary.org/obo/UBERON_0001827>	"UMLS:C0039409"
<http://purl.obolibrary.org/obo/UBERON_0001827>	"EMAPA:36537"
<http://purl.obolibrary.org/obo/UBERON_0001827>	"GAID:1173"
<http://purl.obolibrary.org/obo/UBERON_0001827>	"CALOHA:TS-1016"
<http://purl.obolibrary.org/obo/UBERON_0001827>	<http://linkedlifedata.com/resource/umls/id/C0039409>
<http://purl.obolibrary.org/obo/UBERON_0001827>	"BTO:0001499"
<http://purl.obolibrary.org/obo/UBERON_0001827>	<http://orcid.org/0000-0002-6601-2165>
<http://purl.obolibrary.org/obo/UBERON_0000064>	"EFO:0000635"
<http://purl.obolibrary.org/obo/UBERON_0000064>	<http://www.snomedbrowser.com/Codes/Details/91717005>
<http://purl.obolibrary.org/obo/UBERON_0000064>	"AAO:0011124"
<http://purl.obolibrary.org/obo/UBERON_0000064>	<http://www.snomedbrowser.com/Codes/Details/113343008>
<http://purl.obolibrary.org/obo/UBERON_0000064>	<http://orcid.org/0000-0002-6601-2165>
<http://purl.obolibrary.org/obo/UBERON_0000064>	"FMA:82472"
<http://purl.obolibrary.org/obo/UBERON_0000064>	<http://uri.neuinfo.org/nif/nifstd/birnlex_16>
<http://purl.obolibrary.org/obo/UBERON_0000064>	"NIFSTD:birnlex_16"
<http://purl.obolibrary.org/obo/UBERON_0005399>	"EMAPA:19285"
<http://purl.obolibrary.org/obo/UBERON_0005399>	"MA:0000399"
<http://purl.obolibrary.org/obo/UBERON_0005399>	"OBOL:automatic"
<http://purl.obolibrary.org/obo/UBERON_0005399>	"BTO:0000080"
<http://purl.obolibrary.org/obo/UBERON_0010147>	"BTO:0004798"
<http://purl.obolibrary.org/obo/UBERON_0000105>	"FMA:24120"
<http://purl.obolibrary.org/obo/UBERON_0000105>	"EFO:0000399"
<http://purl.obolibrary.org/obo/UBERON_0000105>	"MmusDv:0000000"
<http://purl.obolibrary.org/obo/UBERON_0000105>	"XAO:1000000"
<http://purl.obolibrary.org/obo/UBERON_0000105>	"ZFS:0100000"
<http://purl.obolibrary.org/obo/UBERON_0000105>	"FBdv:00007012"
<http://purl.obolibrary.org/obo/UBERON_0000105>	"HsapDv:0000000"
<http://purl.obolibrary.org/obo/UBERON_0000105>	"PdumDv:0000090"
<http://purl.obolibrary.org/obo/UBERON_0000105>	"BILS:0000105"
<http://purl.obolibrary.org/obo/UBERON_0000105>	"ZFS:0000000"
<http://purl.obolibrary.org/obo/UBERON_0000105>	"OlatDv:0000010"
<http://purl.obolibrary.org/obo/UBERON_0000105>	"WBls:0000002"
<http://purl.obolibrary.org/obo/UBERON_0000105>	"ncithesaurus:Developmental_Stage"
<http://purl.obolibrary.org/obo/UBERON_0000463>	"NCIT:C13236"
<http://purl.obolibrary.org/obo/UBERON_0000463>	"HAO:0000004"
<http://purl.obolibrary.org/obo/UBERON_0000463>	"XAO:0004001"
<http://purl.obolibrary.org/obo/UBERON_0000463>	"AEO:0000004"
<http://purl.obolibrary.org/obo/UBERON_0000463>	"TAO:0001487"
<http://purl.obolibrary.org/obo/UBERON_0000463>	"BILA:0000004"
<http://purl.obolibrary.org/obo/UBERON_0000463>	"FBbt:00007019"
<http://purl.obolibrary.org/obo/UBERON_0000463>	"ZFA:0001487"
<http://purl.obolibrary.org/obo/UBERON_0000463>	"AAO:0010839"
<http://purl.obolibrary.org/obo/UBERON_0000463>	"CALOHA:TS-2101"
<http://purl.obolibrary.org/obo/UBERON_0000463>	"VHOG:0001726"
<http://purl.obolibrary.org/obo/UBERON_0000463>	"TGMA:0001824"
<http://purl.obolibrary.org/obo/UBERON_0000463>	"SPD:0000008"
<http://purl.obolibrary.org/obo/UBERON_0000463>	"MA:0002450"
<http://purl.obolibrary.org/obo/UBERON_0000463>	"CARO:0000004"
<http://purl.obolibrary.org/obo/UBERON_0000463>	"galen:BodySubstance"
<http://purl.obolibrary.org/obo/UBERON_0000463>	"FMA:9669"
<http://purl.obolibrary.org/obo/UBERON_0000463>	"EHDAA2:0003004"
<http://purl.obolibrary.org/obo/UBERON_0000463>	"EMAPA:35178"
<http://purl.obolibrary.org/obo/UBERON_0000463>	<http://orcid.org/0000-0001-9114-8737>
<http://purl.obolibrary.org/obo/UBERON_0000310>	"MESH:D001940"
<http://purl.obolibrary.org/obo/UBERON_0000310>	<http://en.wikipedia.org/wiki/Breast>
<http://purl.obolibrary.org/obo/UBERON_0000310>	"BTO:0000149"
<http://purl.obolibrary.org/obo/UBERON_0000310>	"NCIT:C12971"
<http://purl.obolibrary.org/obo/UBERON_0000310>	<http://www.snomedbrowser.com/Codes/Details/181131000>
<http://purl.obolibrary.org/obo/UBERON_0000310>	"FMA:9601"
<http://purl.obolibrary.org/obo/UBERON_0000310>	"galen:Breast"
<http://purl.obolibrary.org/obo/UBERON_0000310>	"CALOHA:TS-2083"
<http://purl.obolibrary.org/obo/UBERON_0000310>	"GAID:33"
<http://purl.obolibrary.org/obo/UBERON_0000310>	"EV:0100124"
<http://purl.obolibrary.org/obo/UBERON_0000310>	<http://linkedlifedata.com/resource/umls/id/C0006141>
<http://purl.obolibrary.org/obo/UBERON_0000310>	"UMLS:C0006141"
<http://purl.obolibrary.org/obo/UBERON_0000310>	"OpenCyc:Mx4rvVjV7ZwpEbGdrcN5Y29ycA"
<http://purl.obolibrary.org/obo/ENVO_00002004>	"MA:ma"
<http://purl.obolibrary.org/obo/UBERON_0005177>	"EMAPA:37270"
<http://purl.obolibrary.org/obo/UBERON_0005177>	<http://orcid.org/0000-0002-6601-2165>
<http://purl.obolibrary.org/obo/UBERON_0005177>	"MA:0000516"
<http://purl.obolibrary.org/obo/ENVO_01000254>	"DOI:10.1186/2041-1480-4-43"
<http://purl.obolibrary.org/obo/ENVO_01000254>	"EcoLexicon:environment"
<http://purl.obolibrary.org/obo/UBERON_0012168>	"MESH:D005312"
<http://purl.obolibrary.org/obo/UBERON_0012168>	"CALOHA:TS-1079"
<http://purl.obolibrary.org/obo/UBERON_0012168>	"EFO:0001942"
<http://purl.obolibrary.org/obo/UBERON_0012168>	<http://en.wikipedia.org/wiki/Cord_blood>
<http://purl.obolibrary.org/obo/UBERON_0012168>	"BTO:0004053"
<http://purl.obolibrary.org/obo/UBERON_0012168>	"MESH:A12.207.152.200"
<http://purl.obolibrary.org/obo/UBERON_0000481>	"BILA:0000055"
<http://purl.obolibrary.org/obo/UBERON_0000481>	"VHOG:0001762"
<http://purl.obolibrary.org/obo/UBERON_0000481>	"FBbt:00007010"
<http://purl.obolibrary.org/obo/UBERON_0000481>	"TGMA:0001847"
<http://purl.obolibrary.org/obo/UBERON_0000481>	<http://orcid.org/0000-0001-9114-8737>
<http://purl.obolibrary.org/obo/UBERON_0000481>	"AAO:0010048"
<http://purl.obolibrary.org/obo/UBERON_0000481>	"ZFA:0001488"
<http://purl.obolibrary.org/obo/UBERON_0000481>	"HAO:0000055"
<http://purl.obolibrary.org/obo/UBERON_0000481>	"TAO:0001488"
<http://purl.obolibrary.org/obo/UBERON_0000481>	"AEO:0000055"
<http://purl.obolibrary.org/obo/UBERON_0000481>	"CARO:0000055"
<http://purl.obolibrary.org/obo/UBERON_0000481>	"XAO:0003037"
<http://purl.obolibrary.org/obo/UBERON_0000481>	"EHDAA2:0003055"
<http://purl.obolibrary.org/obo/UBERON_0002409>	"BTO:0001016"
<http://purl.obolibrary.org/obo/UBERON_0002409>	"MA:0002530"
<http://purl.obolibrary.org/obo/UBERON_0002409>	"FMA:9887"
<http://purl.obolibrary.org/obo/UBERON_0002409>	<http://en.wikipedia.org/wiki/Pericardial_fluid>
<http://purl.obolibrary.org/obo/UBERON_0000079>	"FBbt:00004927"
<http://purl.obolibrary.org/obo/UBERON_0000079>	"OBOL:automatic"
<http://purl.obolibrary.org/obo/UBERON_0000079>	"UMLS:C1963704"
<http://purl.obolibrary.org/obo/UBERON_0000079>	"BTO:0000082"
<http://purl.obolibrary.org/obo/UBERON_0000079>	"MP:0001145"
<http://purl.obolibrary.org/obo/UBERON_0000079>	"MESH:D005837"
<http://purl.obolibrary.org/obo/UBERON_0000079>	"OpenCyc:Mx4rvViCepwpEbGdrcN5Y29ycA"
<http://purl.obolibrary.org/obo/UBERON_0000079>	"GAID:386"
<http://purl.obolibrary.org/obo/UBERON_0000079>	"UMLS:C0017422"
<http://purl.obolibrary.org/obo/UBERON_0000079>	"TGMA:0000634"
<http://purl.obolibrary.org/obo/UBERON_0000079>	<http://linkedlifedata.com/resource/umls/id/C0017422>
<http://purl.obolibrary.org/obo/UBERON_0000079>	"MA:0000396"
<http://purl.obolibrary.org/obo/UBERON_0000079>	"VHOG:0000725"
<http://purl.obolibrary.org/obo/UBERON_0000079>	"WBbt:0008423"
<http://purl.obolibrary.org/obo/UBERON_0000079>	"EHDAA2:0001054"
<http://purl.obolibrary.org/obo/UBERON_0000079>	"EFO:0000970"
<http://purl.obolibrary.org/obo/UBERON_0000079>	"CALOHA:TS-1310"
<http://purl.obolibrary.org/obo/UBERON_0000079>	"NCIT:C12722"
<http://purl.obolibrary.org/obo/UBERON_0000079>	"EHDAA:8136"
<http://purl.obolibrary.org/obo/UBERON_0000079>	"FMA:45664"
<http://purl.obolibrary.org/obo/UBERON_0000079>	<http://linkedlifedata.com/resource/umls/id/C1963704>
<http://purl.obolibrary.org/obo/UBERON_0000079>	<http://www.snomedbrowser.com/Codes/Details/361340001>
<http://purl.obolibrary.org/obo/UBERON_0000079>	"HAO:0000505"
<http://purl.obolibrary.org/obo/UBERON_0000079>	"EV:0100101"
<http://purl.obolibrary.org/obo/UBERON_0000079>	"XAO:0000155"
<http://purl.obolibrary.org/obo/UBERON_0000079>	"EMAPA:17968"
<http://purl.obolibrary.org/obo/UBERON_0000079>	<http://en.wikipedia.org/wiki/Male_reproductive_system_%28human%29>
<http://purl.obolibrary.org/obo/UBERON_0000022>	"MESH:D005241"
<http://purl.obolibrary.org/obo/UBERON_0000022>	"EFO:0000955"
<http://purl.obolibrary.org/obo/UBERON_0000022>	"GAID:1214"
<http://purl.obolibrary.org/obo/UBERON_0000022>	<http://en.wikipedia.org/wiki/Feather>
<http://purl.obolibrary.org/obo/UBERON_0000022>	"MAT:0000156"
<http://purl.obolibrary.org/obo/UBERON_0000022>	"BTO:0000447"
<http://purl.obolibrary.org/obo/UBERON_0000022>	"OpenCyc:Mx4rvVjW-5wpEbGdrcN5Y29ycA"
<http://purl.obolibrary.org/obo/UBERON_0000022>	<http://www.snomedbrowser.com/Codes/Details/410027006>
<http://purl.obolibrary.org/obo/UBERON_0001062>	"MA:0000001"
<http://purl.obolibrary.org/obo/UBERON_0001062>	"TAO:0100000"
<http://purl.obolibrary.org/obo/UBERON_0001062>	"AAO:0010841"
<http://purl.obolibrary.org/obo/UBERON_0001062>	"HAO:0000000"
<http://purl.obolibrary.org/obo/UBERON_0001062>	"FBbt_root:00000000"
<http://purl.obolibrary.org/obo/UBERON_0001062>	"ZFA:0100000"
<http://purl.obolibrary.org/obo/UBERON_0001062>	"FMA:62955"
<http://purl.obolibrary.org/obo/UBERON_0001062>	"WBbt:0000100"
<http://purl.obolibrary.org/obo/UBERON_0001062>	"UMLS:C1515976"
<http://purl.obolibrary.org/obo/UBERON_0001062>	"FBbt:10000000"
<http://purl.obolibrary.org/obo/UBERON_0001062>	<http://orcid.org/0000-0001-9114-8737>
<http://purl.obolibrary.org/obo/UBERON_0001062>	"TGMA:0001822"
<http://purl.obolibrary.org/obo/UBERON_0001062>	"BILA:0000000"
<http://purl.obolibrary.org/obo/UBERON_0001062>	"AEO:0000000"
<http://purl.obolibrary.org/obo/UBERON_0001062>	"NCIT:C12219"
<http://purl.obolibrary.org/obo/UBERON_0001062>	"XAO:0000000"
<http://purl.obolibrary.org/obo/UBERON_0001062>	"EHDAA2:0002229"
<http://purl.obolibrary.org/obo/UBERON_0001062>	<http://uri.neuinfo.org/nif/nifstd/birnlex_6>
<http://purl.obolibrary.org/obo/UBERON_0001062>	"CARO:0000000"
<http://purl.obolibrary.org/obo/UBERON_0001062>	<http://linkedlifedata.com/resource/umls/id/C1515976>
<http://purl.obolibrary.org/obo/UBERON_0005178>	<http://orcid.org/0000-0002-6601-2165>
<http://purl.obolibrary.org/obo/UBERON_0005178>	"MA:0000557"
<http://purl.obolibrary.org/obo/UBERON_0005178>	"EMAPA:37273"
<http://purl.obolibrary.org/obo/UBERON_0002113>	"GAID:423"
<http://purl.obolibrary.org/obo/UBERON_0002113>	<http://en.wikipedia.org/wiki/Reniculate_kidney>
<http://purl.obolibrary.org/obo/UBERON_0002113>	<http://www.snomedbrowser.com/Codes/Details/181414000>
<http://purl.obolibrary.org/obo/UBERON_0002113>	"BTO:0000671"
<http://purl.obolibrary.org/obo/UBERON_0002113>	<http://anatomy.uams.edu/anatomyhtml/kidney.html>
<http://purl.obolibrary.org/obo/UBERON_0002113>	"MAT:0000119"
<http://purl.obolibrary.org/obo/UBERON_0002113>	"OpenCyc:Mx4rvVjlYpwpEbGdrcN5Y29ycA"
<http://purl.obolibrary.org/obo/UBERON_0002113>	"EFO:0000929"
<http://purl.obolibrary.org/obo/UBERON_0002113>	"EMAPA:17373"
<http://purl.obolibrary.org/obo/UBERON_0002113>	"MESH:D007668"
<http://purl.obolibrary.org/obo/UBERON_0002113>	"UMLS:C0022646"
<http://purl.obolibrary.org/obo/UBERON_0002113>	"MA:0000368"
<http://purl.obolibrary.org/obo/UBERON_0002113>	"EV:0100096"
<http://purl.obolibrary.org/obo/UBERON_0002113>	"CALOHA:TS-0510"
<http://purl.obolibrary.org/obo/UBERON_0002113>	"FMA:7203"
<http://purl.obolibrary.org/obo/UBERON_0002113>	"NCIT:C12415"
<http://purl.obolibrary.org/obo/UBERON_0002113>	"galen:Kidney"
<http://purl.obolibrary.org/obo/UBERON_0002113>	<http://linkedlifedata.com/resource/umls/id/C0022646>
<http://purl.obolibrary.org/obo/UBERON_0002113>	<http://en.wikipedia.org/wiki/Kidney>
<http://purl.obolibrary.org/obo/UBERON_0002113>	"MIAA:0000119"
<http://purl.obolibrary.org/obo/UBERON_0002113>	"AAO:0000250"
<http://purl.obolibrary.org/obo/UBERON_0002113>	"XAO:0003267"
<http://purl.obolibrary.org/obo/UBERON_0001988>	<http://en.wikipedia.org/wiki/Fewmet>
<http://purl.obolibrary.org/obo/UBERON_0001988>	"BTO:0000440"
<http://purl.obolibrary.org/obo/UBERON_0001988>	<http://en.wikipedia.org/wiki/Cow_dung>
<http://purl.obolibrary.org/obo/UBERON_0001988>	<http://www.ncbi.nlm.nih.gov/pubmed/23285307>
<http://purl.obolibrary.org/obo/UBERON_0001988>	"OpenCyc:Mx4rvVjJMZwpEbGdrcN5Y29ycA"
<http://purl.obolibrary.org/obo/UBERON_0001988>	"MAT:0000053"
<http://purl.obolibrary.org/obo/UBERON_0001988>	"MA:0002509"
<http://purl.obolibrary.org/obo/UBERON_0001988>	"galen:Feces"
<http://purl.obolibrary.org/obo/UBERON_0001988>	<http://en.wikipedia.org/wiki/Feces>
<http://purl.obolibrary.org/obo/UBERON_0001988>	"UMLS:C0015733"
<http://purl.obolibrary.org/obo/UBERON_0001988>	"FMA:64183"
<http://purl.obolibrary.org/obo/UBERON_0001988>	<http://en.wikipedia.org/wiki/Spraint>
<http://purl.obolibrary.org/obo/UBERON_0001988>	<http://linkedlifedata.com/resource/umls/id/C0015733>
<http://purl.obolibrary.org/obo/UBERON_0001988>	"NCIT:C13234"
<http://purl.obolibrary.org/obo/UBERON_0001988>	"ENVO:00002003"
<http://purl.obolibrary.org/obo/UBERON_0001988>	"MIAA:0000053"
<http://purl.obolibrary.org/obo/UBERON_0001988>	<http://www.merriam-webster.com/dictionary/feces>
<http://purl.obolibrary.org/obo/UBERON_0001988>	"MESH:D005243"
<http://purl.obolibrary.org/obo/UBERON_0001988>	<http://en.wikipedia.org/wiki/Frass>
<http://purl.obolibrary.org/obo/UBERON_0001988>	"CALOHA:TS-2345"
<http://purl.obolibrary.org/obo/UBERON_0001988>	<http://en.wikipedia.org/wiki/Guano>
<http://purl.obolibrary.org/obo/UBERON_0001988>	"GAID:1199"
<http://purl.obolibrary.org/obo/UBERON_0007779>	"ncithesaurus:Transudate"
<http://purl.obolibrary.org/obo/UBERON_0007779>	"MESH:D005122"
<http://purl.obolibrary.org/obo/UBERON_0007779>	<http://medical-dictionary.thefreedictionary.com/transudate>
<http://purl.obolibrary.org/obo/UBERON_0007779>	"FMA:12276"
<http://purl.obolibrary.org/obo/UBERON_0007779>	"GAID:1195"
<http://purl.obolibrary.org/obo/UBERON_0034947>	<http://orcid.org/0000-0002-6601-2165>
<http://purl.obolibrary.org/obo/UBERON_0000165>	"galen:Mouth"
<http://purl.obolibrary.org/obo/UBERON_0000165>	"GAID:75"
<http://purl.obolibrary.org/obo/UBERON_0000165>	"TADS:0000040"
<http://purl.obolibrary.org/obo/UBERON_0000165>	"BTO:0001090"
<http://purl.obolibrary.org/obo/UBERON_0000165>	<http://orcid.org/0000-0002-6601-2165>
<http://purl.obolibrary.org/obo/UBERON_0000165>	"TGMA:0000131"
<http://purl.obolibrary.org/obo/UBERON_0000165>	"MA:0000341"
<http://purl.obolibrary.org/obo/UBERON_0000165>	"MAT:0000038"
<http://purl.obolibrary.org/obo/UBERON_0000165>	"TAO:0000590"
<http://purl.obolibrary.org/obo/UBERON_0000165>	"OpenCyc:Mx4rvVidh5wpEbGdrcN5Y29ycA"
<http://purl.obolibrary.org/obo/UBERON_0000165>	"ZFA:0000590"
<http://purl.obolibrary.org/obo/UBERON_0000165>	"FBbt:00003126"
<http://purl.obolibrary.org/obo/UBERON_0000165>	"MA:0002474"
<http://purl.obolibrary.org/obo/UBERON_0000165>	"FMA:49184"
<http://purl.obolibrary.org/obo/UBERON_0000165>	"BTO:0004698"
<http://purl.obolibrary.org/obo/UBERON_0000165>	"AAO:0010355"
<http://purl.obolibrary.org/obo/UBERON_0000165>	"VHOG:0000280"
<http://purl.obolibrary.org/obo/UBERON_0000165>	"MIAA:0000038"
<http://purl.obolibrary.org/obo/UBERON_0000165>	"EMAPA:16262"
<http://purl.obolibrary.org/obo/UBERON_0000165>	"MESH:D009055"
<http://purl.obolibrary.org/obo/UBERON_0000165>	<http://www.snomedbrowser.com/Codes/Details/21082005>
<http://purl.obolibrary.org/obo/UBERON_0000165>	"TAO:0000547"
<http://purl.obolibrary.org/obo/UBERON_0000165>	"FMA:TA"
<http://purl.obolibrary.org/obo/UBERON_0000165>	"EFO:0000825"
<http://purl.obolibrary.org/obo/UBERON_0000165>	<http://purl.obolibrary.org/obo/uberon/images/lamprey_sucker_rosava_3238889218.jpg>
<http://purl.obolibrary.org/obo/UBERON_0000165>	"CALOHA:TS-1315"
<http://purl.obolibrary.org/obo/UBERON_0000165>	"EHDAA:542"
<http://purl.obolibrary.org/obo/UBERON_0000165>	"VHOG:0000812"
<http://purl.obolibrary.org/obo/UBERON_0000165>	<http://en.wikipedia.org/wiki/Mouth>
<http://purl.obolibrary.org/obo/UBERON_0000165>	"XAO:0003029"
<http://purl.obolibrary.org/obo/UBERON_0000165>	"ZFA:0000547"
<http://purl.obolibrary.org/obo/UBERON_0000165>	"EHDAA2:0001326"
<http://purl.obolibrary.org/obo/UBERON_0000165>	<https://github.com/obophenotype/uberon/wiki/The-digestive-tract>
<http://purl.obolibrary.org/obo/UBERON_0002368>	"EHDAA2:0003098"
<http://purl.obolibrary.org/obo/UBERON_0002368>	<http://www.snomedbrowser.com/Codes/Details/40818001>
<http://purl.obolibrary.org/obo/UBERON_0002368>	"FMA:9602"
<http://purl.obolibrary.org/obo/UBERON_0002368>	<http://linkedlifedata.com/resource/umls/id/C0014133>
<http://purl.obolibrary.org/obo/UBERON_0002368>	"NCIT:C12704"
<http://purl.obolibrary.org/obo/UBERON_0002368>	"UMLS:C0014133"
<http://purl.obolibrary.org/obo/UBERON_0002368>	<http://en.wikipedia.org/wiki/Endocrine_gland>
<http://purl.obolibrary.org/obo/UBERON_0002368>	"GAID:335"
<http://purl.obolibrary.org/obo/UBERON_0002368>	"MESH:D004702"
<http://purl.obolibrary.org/obo/UBERON_0002368>	"CALOHA:TS-1300"
<http://purl.obolibrary.org/obo/UBERON_0002368>	"BTO:0001488"
<http://purl.obolibrary.org/obo/UBERON_0002368>	"AEO:0000098"
<http://purl.obolibrary.org/obo/UBERON_0002368>	<http://en.wikipedia.org/wiki/Ductless_gland>
<http://purl.obolibrary.org/obo/UBERON_0002368>	"OpenCyc:Mx4rvbkiRZwpEbGdrcN5Y29ycA"
<http://purl.obolibrary.org/obo/UBERON_0002368>	"MA:0002563"
<http://purl.obolibrary.org/obo/UBERON_0002368>	"EMAPA:35999"
<http://purl.obolibrary.org/obo/UBERON_0013703>	<http://orcid.org/0000-0002-6601-2165>
<http://purl.obolibrary.org/obo/UBERON_0001155>	"FMA:14543"
<http://purl.obolibrary.org/obo/UBERON_0001155>	"BTO:0000269"
<http://purl.obolibrary.org/obo/UBERON_0001155>	"EMAPA:18939"
<http://purl.obolibrary.org/obo/UBERON_0001155>	"galen:Colon"
<http://purl.obolibrary.org/obo/UBERON_0001155>	"CALOHA:TS-0158"
<http://purl.obolibrary.org/obo/UBERON_0001155>	"MESH:A03.492.411.495.356"
<http://purl.obolibrary.org/obo/UBERON_0001155>	"ZFIN:curator"
<http://purl.obolibrary.org/obo/UBERON_0001155>	"VHOG:0000648"
<http://purl.obolibrary.org/obo/UBERON_0001155>	<http://orcid.org/0000-0002-6601-2165>
<http://purl.obolibrary.org/obo/UBERON_0001155>	"ZFA:0000706"
<http://purl.obolibrary.org/obo/UBERON_0001155>	"NCIT:C12382"
<http://purl.obolibrary.org/obo/UBERON_0001155>	"UMLS:C0009368"
<http://purl.obolibrary.org/obo/UBERON_0001155>	"MA:0000335"
<http://purl.obolibrary.org/obo/UBERON_0001155>	<http://www.snomedbrowser.com/Codes/Details/302508007>
<http://purl.obolibrary.org/obo/UBERON_0001155>	"TAO:0000706"
<http://purl.obolibrary.org/obo/UBERON_0001155>	"AAO:0010400"
<http://purl.obolibrary.org/obo/UBERON_0001155>	"XAO:0000243"
<http://purl.obolibrary.org/obo/UBERON_0001155>	"OpenCyc:Mx4rvgLEM5wpEbGdrcN5Y29ycA"
<http://purl.obolibrary.org/obo/UBERON_0001155>	<http://en.wikipedia.org/wiki/Colon_(anatomy)>
<http://purl.obolibrary.org/obo/UBERON_0001155>	"MAP:0000001"
<http://purl.obolibrary.org/obo/UBERON_0001155>	<http://linkedlifedata.com/resource/umls/id/C0009368>
<http://purl.obolibrary.org/obo/UBERON_0001155>	"GAID:309"
<http://purl.obolibrary.org/obo/UBERON_0001155>	"MAT:0000526"
<http://purl.obolibrary.org/obo/UBERON_0001155>	"EFO:0000361"
<http://purl.obolibrary.org/obo/UBERON_0001155>	"EV:0100079"
<http://purl.obolibrary.org/obo/UBERON_0006003>	<http://code.google.com/p/caro2/issues/detail?id=5>
<http://purl.obolibrary.org/obo/UBERON_0006003>	"GO:GO"
<http://purl.obolibrary.org/obo/UBERON_0006003>	"EMAPA:37883"
<http://purl.obolibrary.org/obo/UBERON_0006003>	<http://en.wikipedia.org/wiki/Skin_appendage>
<http://purl.obolibrary.org/obo/UBERON_0006003>	<http://orcid.org/0000-0002-6601-2165>
<http://purl.obolibrary.org/obo/UBERON_0002046>	"galen:ThyroidGland"
<http://purl.obolibrary.org/obo/UBERON_0002046>	"MESH:D013961"
<http://purl.obolibrary.org/obo/UBERON_0002046>	"UMLS:C0040132"
<http://purl.obolibrary.org/obo/UBERON_0002046>	"OpenCyc:Mx4rvVjLT5wpEbGdrcN5Y29ycA"
<http://purl.obolibrary.org/obo/UBERON_0002046>	"EHDAA:2148"
<http://purl.obolibrary.org/obo/UBERON_0002046>	"AAO:0010544"
<http://purl.obolibrary.org/obo/UBERON_0002046>	"MA:0000129"
<http://purl.obolibrary.org/obo/UBERON_0002046>	"CALOHA:TS-1047"
<http://purl.obolibrary.org/obo/UBERON_0002046>	<http://www.snomedbrowser.com/Codes/Details/181117000>
<http://purl.obolibrary.org/obo/UBERON_0002046>	"MIAA:0000081"
<http://purl.obolibrary.org/obo/UBERON_0002046>	<http://linkedlifedata.com/resource/umls/id/C0040132>
<http://purl.obolibrary.org/obo/UBERON_0002046>	"EFO:0000861"
<http://purl.obolibrary.org/obo/UBERON_0002046>	"EV:0100133"
<http://purl.obolibrary.org/obo/UBERON_0002046>	"NCIT:C12400"
<http://purl.obolibrary.org/obo/UBERON_0002046>	"VHOG:0000418"
<http://purl.obolibrary.org/obo/UBERON_0002046>	"FMA:9603"
<http://purl.obolibrary.org/obo/UBERON_0002046>	<http://en.wikipedia.org/wiki/Thyroid>
<http://purl.obolibrary.org/obo/UBERON_0002046>	"MAT:0000081"
<http://purl.obolibrary.org/obo/UBERON_0002046>	"XAO:0000162"
<http://purl.obolibrary.org/obo/UBERON_0002046>	"BTO:0001379"
<http://purl.obolibrary.org/obo/UBERON_0002046>	"GAID:465"
<http://purl.obolibrary.org/obo/UBERON_0002046>	"EHDAA2:0002028"
<http://purl.obolibrary.org/obo/UBERON_0002046>	"EHDAA:2975"
<http://purl.obolibrary.org/obo/UBERON_0002046>	"EMAPA:17068"
<http://purl.obolibrary.org/obo/UBERON_0000042>	<http://en.wikipedia.org/wiki/Serous_membrane>
<http://purl.obolibrary.org/obo/UBERON_0000042>	<http://www.snomedbrowser.com/Codes/Details/362878009>
<http://purl.obolibrary.org/obo/UBERON_0000042>	"GAID:19"
<http://purl.obolibrary.org/obo/UBERON_0000042>	"NCIT:C13169"
<http://purl.obolibrary.org/obo/UBERON_0000042>	"ZFA:0005425"
<http://purl.obolibrary.org/obo/UBERON_0000042>	"FMA:9581"
<http://purl.obolibrary.org/obo/UBERON_0000042>	"MESH:D012704"
<http://purl.obolibrary.org/obo/UBERON_0000042>	<https://github.com/obophenotype/uberon/issues/86>
<http://purl.obolibrary.org/obo/UBERON_0000042>	"UMLS:C0036760"
<http://purl.obolibrary.org/obo/UBERON_0000042>	"TAO:0005425"
<http://purl.obolibrary.org/obo/UBERON_0000042>	<http://linkedlifedata.com/resource/umls/id/C0036760>
<http://purl.obolibrary.org/obo/UBERON_0006538>	"NCIT:C13722"
<http://purl.obolibrary.org/obo/UBERON_0006538>	"EMAPA:36550"
<http://purl.obolibrary.org/obo/UBERON_0006538>	"OBOL:automatic"
<http://purl.obolibrary.org/obo/UBERON_0006538>	"MA:0002533"
<http://purl.obolibrary.org/obo/UBERON_0006538>	"UMLS:C1514899"
<http://purl.obolibrary.org/obo/UBERON_0006538>	<http://linkedlifedata.com/resource/umls/id/C1514899>
<http://purl.obolibrary.org/obo/UBERON_0007794>	<http://en.wikipedia.org/wiki/Serous_fluid>
<http://purl.obolibrary.org/obo/UBERON_0007794>	"UBERON:cjm"
<http://purl.obolibrary.org/obo/UBERON_0006858>	"GO:0030325"
<http://purl.obolibrary.org/obo/UBERON_0006858>	"VHOG:0001141"
<http://purl.obolibrary.org/obo/UBERON_0036017>	"UBERON:cjm"
<http://purl.obolibrary.org/obo/UBERON_0006925>	"UBERON:cjm"
<http://purl.obolibrary.org/obo/UBERON_0006925>	"BTO:0000345"
<http://purl.obolibrary.org/obo/UBERON_0006925>	"AAO:0000130"
<http://purl.obolibrary.org/obo/UBERON_0000004>	"EV:0100037"
<http://purl.obolibrary.org/obo/UBERON_0000004>	"UMLS:C0028429"
<http://purl.obolibrary.org/obo/UBERON_0000004>	"MIAA:0000139"
<http://purl.obolibrary.org/obo/UBERON_0000004>	"EHDAA:1502"
<http://purl.obolibrary.org/obo/UBERON_0000004>	"FMA:46472"
<http://purl.obolibrary.org/obo/UBERON_0000004>	<http://www.snomedbrowser.com/Codes/Details/181195007>
<http://purl.obolibrary.org/obo/UBERON_0000004>	"ZFA:0000047"
<http://purl.obolibrary.org/obo/UBERON_0000004>	"CALOHA:TS-2037"
<http://purl.obolibrary.org/obo/UBERON_0000004>	<http://en.wikipedia.org/wiki/Nose>
<http://purl.obolibrary.org/obo/UBERON_0000004>	"TAO:0000047"
<http://purl.obolibrary.org/obo/UBERON_0000004>	"BTO:0000840"
<http://purl.obolibrary.org/obo/UBERON_0000004>	"EHDAA2:0001274"
<http://purl.obolibrary.org/obo/UBERON_0000004>	"EV:0100370"
<http://purl.obolibrary.org/obo/UBERON_0000004>	"MESH:D009666"
<http://purl.obolibrary.org/obo/UBERON_0000004>	"MA:0000281"
<http://purl.obolibrary.org/obo/UBERON_0000004>	"UBERON:cjm"
<http://purl.obolibrary.org/obo/UBERON_0000004>	"NCIT:C12756"
<http://purl.obolibrary.org/obo/UBERON_0000004>	"galen:Nose"
<http://purl.obolibrary.org/obo/UBERON_0000004>	"GAID:77"
<http://purl.obolibrary.org/obo/UBERON_0000004>	"EMAPA:16542"
<http://purl.obolibrary.org/obo/UBERON_0000004>	"MAT:0000139"
<http://purl.obolibrary.org/obo/UBERON_0000004>	"OpenCyc:Mx4rvViCbJwpEbGdrcN5Y29ycA"
<http://purl.obolibrary.org/obo/UBERON_0000004>	<http://linkedlifedata.com/resource/umls/id/C0028429>
<http://purl.obolibrary.org/obo/UBERON_0002367>	"MA:0000404"
<http://purl.obolibrary.org/obo/UBERON_0002367>	"VHOG:0001261"
<http://purl.obolibrary.org/obo/UBERON_0002367>	"FMA:9600"
<http://purl.obolibrary.org/obo/UBERON_0002367>	"EMAPA:19287"
<http://purl.obolibrary.org/obo/UBERON_0002367>	"MESH:D011467"
<http://purl.obolibrary.org/obo/UBERON_0002367>	"GAID:392"
<http://purl.obolibrary.org/obo/UBERON_0002367>	"BTO:0001129"
<http://purl.obolibrary.org/obo/UBERON_0002367>	"OpenCyc:Mx4rv6trqZwpEbGdrcN5Y29ycA"
<http://purl.obolibrary.org/obo/UBERON_0002367>	"galen:ProstateGland"
<http://purl.obolibrary.org/obo/UBERON_0002367>	"UMLS:C0033572"
<http://purl.obolibrary.org/obo/UBERON_0002367>	"EV:0100104"
<http://purl.obolibrary.org/obo/UBERON_0002367>	<http://www.ncbi.nlm.nih.gov/pubmed/10668204>
<http://purl.obolibrary.org/obo/UBERON_0002367>	<http://www.snomedbrowser.com/Codes/Details/181422007>
<http://purl.obolibrary.org/obo/UBERON_0002367>	"NCIT:C12410"
<http://purl.obolibrary.org/obo/UBERON_0002367>	"CALOHA:TS-0828"
<http://purl.obolibrary.org/obo/UBERON_0002367>	"MAT:0000078"
<http://purl.obolibrary.org/obo/UBERON_0002367>	<http://en.wikipedia.org/wiki/Prostate>
<http://purl.obolibrary.org/obo/UBERON_0002367>	"GO:0030850"
<http://purl.obolibrary.org/obo/UBERON_0002367>	"MIAA:0000078"
<http://purl.obolibrary.org/obo/UBERON_0002367>	"EFO:0000858"
<http://purl.obolibrary.org/obo/UBERON_0002367>	<http://linkedlifedata.com/resource/umls/id/C0033572>
<http://purl.obolibrary.org/obo/UBERON_0000061>	"CARO:0000003"
<http://purl.obolibrary.org/obo/UBERON_0000061>	"MA:0003000"
<http://purl.obolibrary.org/obo/UBERON_0000061>	"AEO:0000003"
<http://purl.obolibrary.org/obo/UBERON_0000061>	<http://www.snomedbrowser.com/Codes/Details/362889002>
<http://purl.obolibrary.org/obo/UBERON_0000061>	"FMA:67135"
<http://purl.obolibrary.org/obo/UBERON_0000061>	<http://dbpedia.org/ontology/AnatomicalStructure>
<http://purl.obolibrary.org/obo/UBERON_0000061>	"TAO:0000037"
<http://purl.obolibrary.org/obo/UBERON_0000061>	"AAO:0010825"
<http://purl.obolibrary.org/obo/UBERON_0000061>	"HAO:0000003"
<http://purl.obolibrary.org/obo/UBERON_0000061>	"FMA:305751"
<http://purl.obolibrary.org/obo/UBERON_0000061>	"ZFA:0000037"
<http://purl.obolibrary.org/obo/UBERON_0000061>	"EHDAA2:0003003"
<http://purl.obolibrary.org/obo/UBERON_0000061>	"TGMA:0001823"
<http://purl.obolibrary.org/obo/UBERON_0000061>	"XAO:0003000"
<http://purl.obolibrary.org/obo/UBERON_0000061>	"BILA:0000003"
<http://purl.obolibrary.org/obo/UBERON_0000061>	"VHOG:0001759"
<http://purl.obolibrary.org/obo/UBERON_0000061>	"MESH:D000825"
<http://purl.obolibrary.org/obo/UBERON_0000061>	"GAID:781"
<http://purl.obolibrary.org/obo/UBERON_0000061>	"FBbt:00007001"
<http://purl.obolibrary.org/obo/UBERON_0000061>	"EMAPA:0"
<http://purl.obolibrary.org/obo/UBERON_0000014>	"FMA:86166"
<http://purl.obolibrary.org/obo/UBERON_0000014>	"MAT:0000284"
<http://purl.obolibrary.org/obo/UBERON_0000014>	<http://www.snomedbrowser.com/Codes/Details/20795001>
<http://purl.obolibrary.org/obo/UBERON_0000014>	"MA:0000151"
<http://purl.obolibrary.org/obo/UBERON_0000014>	"EV:0100152"
<http://purl.obolibrary.org/obo/UBERON_0000014>	"MESH:D012867"
<http://purl.obolibrary.org/obo/UBERON_0000014>	"EHDAA:6530"
<http://purl.obolibrary.org/obo/UBERON_0000014>	"GAID:933"
<http://purl.obolibrary.org/obo/UBERON_0000014>	"EHDAA2:0001844"
<http://purl.obolibrary.org/obo/UBERON_0000014>	"VHOG:0000860"
<http://purl.obolibrary.org/obo/UBERON_0000014>	<http://en.wikipedia.org/wiki/Skin>
<http://purl.obolibrary.org/obo/UBERON_0000014>	"OpenCyc:Mx4rvVjX3ZwpEbGdrcN5Y29ycA"
<http://purl.obolibrary.org/obo/UBERON_0000014>	<http://orcid.org/0000-0002-6601-2165>
<http://purl.obolibrary.org/obo/UBERON_0000014>	"EMAPA:17525"
<http://purl.obolibrary.org/obo/UBERON_0000014>	"MIAA:0000284"
<http://purl.obolibrary.org/obo/UBERON_0006539>	<http://orcid.org/0000-0002-6601-2165>
<http://purl.obolibrary.org/obo/UBERON_0006539>	"EMAPA:36538"
<http://purl.obolibrary.org/obo/UBERON_0006539>	"MA:0002505"
<http://purl.obolibrary.org/obo/UBERON_0006314>	<http://uri.neuinfo.org/nif/nifstd/birnlex_20>
<http://purl.obolibrary.org/obo/UBERON_0006314>	"MESH:A12.207"
<http://purl.obolibrary.org/obo/UBERON_0006314>	"galen:BodyFluid"
<http://purl.obolibrary.org/obo/UBERON_0006314>	<http://en.wikipedia.org/wiki/Body_fluid>
<http://purl.obolibrary.org/obo/UBERON_0006314>	"FMA:280556"
<http://purl.obolibrary.org/obo/UBERON_0006314>	"EMAPA:37441"
<http://purl.obolibrary.org/obo/UBERON_0006314>	"MESH:D001826"
<http://purl.obolibrary.org/obo/UBERON_0006314>	"GAID:266"
<http://purl.obolibrary.org/obo/UBERON_0000945>	"MA:0000353"
<http://purl.obolibrary.org/obo/UBERON_0000945>	"AAO:0000579"
<http://purl.obolibrary.org/obo/UBERON_0000945>	"FMA:7148"
<http://purl.obolibrary.org/obo/UBERON_0000945>	<http://www.snomedbrowser.com/Codes/Details/181246003>
<http://purl.obolibrary.org/obo/UBERON_0000945>	"EV:0100070"
<http://purl.obolibrary.org/obo/UBERON_0000945>	"VHOG:0000408"
<http://purl.obolibrary.org/obo/UBERON_0000945>	"UMLS:C0038351"
<http://purl.obolibrary.org/obo/UBERON_0000945>	"XAO:0000128"
<http://purl.obolibrary.org/obo/UBERON_0000945>	"EFO:0000837"
<http://purl.obolibrary.org/obo/UBERON_0000945>	"OpenCyc:Mx4rvVjlqpwpEbGdrcN5Y29ycA"
<http://purl.obolibrary.org/obo/UBERON_0000945>	"EHDAA2:0001915"
<http://purl.obolibrary.org/obo/UBERON_0000945>	"TAO:0002121"
<http://purl.obolibrary.org/obo/UBERON_0000945>	"ANISEED:1235297"
<http://purl.obolibrary.org/obo/UBERON_0000945>	"MIAA:0000051"
<http://purl.obolibrary.org/obo/UBERON_0000945>	"BTO:0001307"
<http://purl.obolibrary.org/obo/UBERON_0000945>	"GAID:293"
<http://purl.obolibrary.org/obo/UBERON_0000945>	"NCIT:C12391"
<http://purl.obolibrary.org/obo/UBERON_0000945>	"CALOHA:TS-0980"
<http://purl.obolibrary.org/obo/UBERON_0000945>	<http://linkedlifedata.com/resource/umls/id/C0038351>
<http://purl.obolibrary.org/obo/UBERON_0000945>	"EMAPA:17021"
<http://purl.obolibrary.org/obo/UBERON_0000945>	<https://orcid.org/0000-0002-6601-2165>
<http://purl.obolibrary.org/obo/UBERON_0000945>	<http://en.wikipedia.org/wiki/Stomach>
<http://purl.obolibrary.org/obo/UBERON_0000945>	"MESH:A03.492.766"
<http://purl.obolibrary.org/obo/UBERON_0000945>	"MAT:0000051"
<http://purl.obolibrary.org/obo/UBERON_0000945>	"EHDAA:2993"
<http://purl.obolibrary.org/obo/UBERON_0000945>	"ISBN10:0073040584"
<http://purl.obolibrary.org/obo/UBERON_0000945>	"galen:Stomach"
<http://purl.obolibrary.org/obo/UBERON_0010172>	"FMA:TA"
<http://purl.obolibrary.org/obo/UBERON_0010172>	<http://www.snomedbrowser.com/Codes/Details/362032000>
<http://purl.obolibrary.org/obo/UBERON_0010172>	"BTO:0004695"
<http://purl.obolibrary.org/obo/UBERON_0010172>	"MP:0011575"
<http://purl.obolibrary.org/obo/UBERON_0010172>	"FMA:3740"
<http://purl.obolibrary.org/obo/UBERON_0010172>	"MP:0011572"
<http://purl.obolibrary.org/obo/UBERON_0000177>	"ENVO:02000038"
<http://purl.obolibrary.org/obo/UBERON_0000177>	"galen:Pus"
<http://purl.obolibrary.org/obo/UBERON_0000177>	"ncithesaurus:Pus"
<http://purl.obolibrary.org/obo/UBERON_0000177>	"OpenCyc:Mx4rvVjG6ZwpEbGdrcN5Y29ycA"
<http://purl.obolibrary.org/obo/UBERON_0000177>	<http://en.wikipedia.org/wiki/Pus>
<http://purl.obolibrary.org/obo/UBERON_0007109>	"ncithesaurus:Meconium"
<http://purl.obolibrary.org/obo/UBERON_0007109>	"BTO:0000838"
<http://purl.obolibrary.org/obo/UBERON_0000172>	"ENVO:00000338"
<http://purl.obolibrary.org/obo/UBERON_0000172>	"OpenCyc:Mx4rvViQTJwpEbGdrcN5Y29ycA"
<http://purl.obolibrary.org/obo/UBERON_0000172>	"galen:Vomitus"
<http://purl.obolibrary.org/obo/UBERON_0000172>	"UBERON:cjm"
<http://purl.obolibrary.org/obo/UBERON_0000172>	"NCIT:C77666"
<http://purl.obolibrary.org/obo/UBERON_0000172>	<http://en.wikipedia.org/wiki/Vomiting>
<http://purl.obolibrary.org/obo/UBERON_0001264>	"OpenCyc:Mx4rvVimZZwpEbGdrcN5Y29ycA"
<http://purl.obolibrary.org/obo/UBERON_0001264>	"EHDAA2:0001367"
<http://purl.obolibrary.org/obo/UBERON_0001264>	"GO:0031016"
<http://purl.obolibrary.org/obo/UBERON_0001264>	<http://linkedlifedata.com/resource/umls/id/C0030274>
<http://purl.obolibrary.org/obo/UBERON_0001264>	"EFO:0000855"
<http://purl.obolibrary.org/obo/UBERON_0001264>	"MAT:0000075"
<http://purl.obolibrary.org/obo/UBERON_0001264>	"ZFA:0000140"
<http://purl.obolibrary.org/obo/UBERON_0001264>	<http://www.snomedbrowser.com/Codes/Details/181277001>
<http://purl.obolibrary.org/obo/UBERON_0001264>	"XAO:0000136"
<http://purl.obolibrary.org/obo/UBERON_0001264>	"GAID:334"
<http://purl.obolibrary.org/obo/UBERON_0001264>	"EMAPA:17503"
<http://purl.obolibrary.org/obo/UBERON_0001264>	"VHOG:0000050"
<http://purl.obolibrary.org/obo/UBERON_0001264>	"EHDAA:6893"
<http://purl.obolibrary.org/obo/UBERON_0001264>	"MESH:D010179"
<http://purl.obolibrary.org/obo/UBERON_0001264>	"BTO:0000988"
<http://purl.obolibrary.org/obo/UBERON_0001264>	"CALOHA:TS-0736"
<http://purl.obolibrary.org/obo/UBERON_0001264>	"FMA:7198"
<http://purl.obolibrary.org/obo/UBERON_0001264>	<http://en.wikipedia.org/wiki/Pancreas>
<http://purl.obolibrary.org/obo/UBERON_0001264>	"TAO:0000140"
<http://purl.obolibrary.org/obo/UBERON_0001264>	"NCIT:C12393"
<http://purl.obolibrary.org/obo/UBERON_0001264>	"EV:0100092"
<http://purl.obolibrary.org/obo/UBERON_0001264>	"MA:0000120"
<http://purl.obolibrary.org/obo/UBERON_0001264>	"AAO:0010112"
<http://purl.obolibrary.org/obo/UBERON_0001264>	"MIAA:0000075"
<http://purl.obolibrary.org/obo/UBERON_0001264>	"galen:Pancreas"
<http://purl.obolibrary.org/obo/UBERON_0001264>	"UMLS:C0030274"
<http://purl.obolibrary.org/obo/UBERON_0001052>	<http://en.wikipedia.org/wiki/Rectum>
<http://purl.obolibrary.org/obo/UBERON_0001052>	"EV:0100081"
<http://purl.obolibrary.org/obo/UBERON_0001052>	"OpenCyc:Mx4rvVjaU5wpEbGdrcN5Y29ycA"
<http://purl.obolibrary.org/obo/UBERON_0001052>	"EHDAA2:0001592"
<http://purl.obolibrary.org/obo/UBERON_0001052>	"CALOHA:TS-1180"
<http://purl.obolibrary.org/obo/UBERON_0001052>	<http://www.snomedbrowser.com/Codes/Details/181261002>
<http://purl.obolibrary.org/obo/UBERON_0001052>	"MAT:0000050"
<http://purl.obolibrary.org/obo/UBERON_0001052>	"EHDAA:5836"
<http://purl.obolibrary.org/obo/UBERON_0001052>	"EMAPA:17896"
<http://purl.obolibrary.org/obo/UBERON_0001052>	<http://orcid.org/0000-0002-6601-2165>
<http://purl.obolibrary.org/obo/UBERON_0001052>	"EFO:0000848"
<http://purl.obolibrary.org/obo/UBERON_0001052>	<http://linkedlifedata.com/resource/umls/id/C0034896>
<http://purl.obolibrary.org/obo/UBERON_0001052>	"galen:Rectum"
<http://purl.obolibrary.org/obo/UBERON_0001052>	"VHOG:0001751"
<http://purl.obolibrary.org/obo/UBERON_0001052>	"MESH:A03.492.411.495.767"
<http://purl.obolibrary.org/obo/UBERON_0001052>	"BTO:0001158"
<http://purl.obolibrary.org/obo/UBERON_0001052>	"AAO:0010401"
<http://purl.obolibrary.org/obo/UBERON_0001052>	"MA:0000336"
<http://purl.obolibrary.org/obo/UBERON_0001052>	"GAID:311"
<http://purl.obolibrary.org/obo/UBERON_0001052>	"UMLS:C0034896"
<http://purl.obolibrary.org/obo/UBERON_0001052>	"FMA:14544"
<http://purl.obolibrary.org/obo/UBERON_0001052>	"ISBN:0-683-40008-8"
<http://purl.obolibrary.org/obo/UBERON_0001052>	"MP:0000492"
<http://purl.obolibrary.org/obo/UBERON_0001052>	"XAO:0000238"
<http://purl.obolibrary.org/obo/UBERON_0001052>	"MIAA:0000050"
<http://purl.obolibrary.org/obo/UBERON_0001052>	"NCIT:C12390"
<http://purl.obolibrary.org/obo/UBERON_0034929>	<http://orcid.org/0000-0002-6601-2165>
<http://purl.obolibrary.org/obo/UBERON_0002075>	"EMAPA:16245"
<http://purl.obolibrary.org/obo/UBERON_0002075>	<http://en.wikipedia.org/wiki/Viscus>
<http://purl.obolibrary.org/obo/UBERON_0002075>	"MA:0000019"
<http://purl.obolibrary.org/obo/UBERON_0002075>	"BTO:0001491"
<http://purl.obolibrary.org/obo/UBERON_0002075>	<https://github.com/obophenotype/mouse-anatomy-ontology/issues/14>
<http://purl.obolibrary.org/obo/UBERON_0002075>	"XAO:0003034"
<http://purl.obolibrary.org/obo/UBERON_0002075>	<http://www.snomedbrowser.com/Codes/Details/118760003>
<http://purl.obolibrary.org/obo/UBERON_0002075>	"MESH:D014781"
<http://purl.obolibrary.org/obo/UBERON_0002075>	"EHDAA:512"
<http://purl.obolibrary.org/obo/UBERON_0002075>	"FMA:7085"
<http://purl.obolibrary.org/obo/UBERON_0002075>	"AAO:0010386"
<http://purl.obolibrary.org/obo/UBERON_0002075>	"NCIT:C28287"
<http://purl.obolibrary.org/obo/UBERON_0002075>	"UMLS:C0042779"
<http://purl.obolibrary.org/obo/UBERON_0002075>	"RETIRED_EHDAA2:0002201"
<http://purl.obolibrary.org/obo/UBERON_0002075>	<http://linkedlifedata.com/resource/umls/id/C0042779>
<http://purl.obolibrary.org/obo/UBERON_0001359>	"MAT:0000499"
<http://purl.obolibrary.org/obo/UBERON_0001359>	"BTO:0000237"
<http://purl.obolibrary.org/obo/UBERON_0001359>	"TAO:0002184"
<http://purl.obolibrary.org/obo/UBERON_0001359>	"EHDAA2:0004441"
<http://purl.obolibrary.org/obo/UBERON_0001359>	"CALOHA:TS-0130"
<http://purl.obolibrary.org/obo/UBERON_0001359>	"MA:0002503"
<http://purl.obolibrary.org/obo/UBERON_0001359>	"FMA:20935"
<http://purl.obolibrary.org/obo/UBERON_0001359>	"ENVO:02000029"
<http://purl.obolibrary.org/obo/UBERON_0001359>	"MESH:A12.207.268"
<http://purl.obolibrary.org/obo/UBERON_0001359>	"ZFA:0001626"
<http://purl.obolibrary.org/obo/UBERON_0001359>	"NCIT:C12692"
<http://purl.obolibrary.org/obo/UBERON_0001359>	"UMLS:C0007806"
<http://purl.obolibrary.org/obo/UBERON_0001359>	"EFO:0000329"
<http://purl.obolibrary.org/obo/UBERON_0001359>	"EV:0100311"
<http://purl.obolibrary.org/obo/UBERON_0001359>	"BIRNLEX:1798"
<http://purl.obolibrary.org/obo/UBERON_0001359>	<http://linkedlifedata.com/resource/umls/id/C0007806>
<http://purl.obolibrary.org/obo/UBERON_0001359>	"VHOG:0001278"
<http://purl.obolibrary.org/obo/UBERON_0001359>	"GAID:1181"
<http://purl.obolibrary.org/obo/UBERON_0001359>	<http://en.wikipedia.org/wiki/Cerebrospinal_fluid>
<http://purl.obolibrary.org/obo/UBERON_0000071>	"XAO:0000437"
<http://purl.obolibrary.org/obo/UBERON_0000071>	"XtroDO:0000085"
<http://purl.obolibrary.org/obo/UBERON_0000970>	"MIAA:0000140"
<http://purl.obolibrary.org/obo/UBERON_0000970>	"GAID:69"
<http://purl.obolibrary.org/obo/UBERON_0000970>	"EFO:0000827"
<http://purl.obolibrary.org/obo/UBERON_0000970>	"CALOHA:TS-0309"
<http://purl.obolibrary.org/obo/UBERON_0000970>	"FBbt:00005162"
<http://purl.obolibrary.org/obo/UBERON_0000970>	"BILA:0000017"
<http://purl.obolibrary.org/obo/UBERON_0000970>	<http://en.wikipedia.org/wiki/Eye>
<http://purl.obolibrary.org/obo/UBERON_0000970>	"BTO:0000439"
<http://purl.obolibrary.org/obo/UBERON_0000970>	"MESH:D005123"
<http://purl.obolibrary.org/obo/UBERON_0000970>	"EV:0100336"
<http://purl.obolibrary.org/obo/UBERON_0000970>	<https://orcid.org/0000-0002-6601-2165>
<http://purl.obolibrary.org/obo/UBERON_0000970>	"OpenCyc:Mx4rvViTvpwpEbGdrcN5Y29ycA"
<http://purl.obolibrary.org/obo/UBERON_0000970>	"MAT:0000140"
<http://purl.obolibrary.org/obo/UBERON_0003133>	"TGMA:0000591"
<http://purl.obolibrary.org/obo/UBERON_0003133>	"UMLS:C0017420"
<http://purl.obolibrary.org/obo/UBERON_0003133>	<http://linkedlifedata.com/resource/umls/id/C0017420>
<http://purl.obolibrary.org/obo/UBERON_0003133>	<http://www.snomedbrowser.com/Codes/Details/128181006>
<http://purl.obolibrary.org/obo/UBERON_0003133>	"MA:0001752"
<http://purl.obolibrary.org/obo/UBERON_0003133>	"UBERON:xp"
<http://purl.obolibrary.org/obo/UBERON_0003133>	"EMAPA:37731"
<http://purl.obolibrary.org/obo/UBERON_0003133>	"WBbt:0008422"
<http://purl.obolibrary.org/obo/UBERON_0003133>	"MESH:D005835"
<http://purl.obolibrary.org/obo/UBERON_0003133>	"NCIT:C25177"
<http://purl.obolibrary.org/obo/UBERON_0003133>	"OpenCyc:Mx4rwO39aJwpEbGdrcN5Y29ycA"
<http://purl.obolibrary.org/obo/UBERON_0003133>	"EMAPA:17381"
<http://purl.obolibrary.org/obo/UBERON_0007221>	"NIF_Organism:birnlex_695"
<http://purl.obolibrary.org/obo/UBERON_0007221>	"MmusDv:0000096"
<http://purl.obolibrary.org/obo/UBERON_0007221>	"BTO:0001762"
<http://purl.obolibrary.org/obo/UBERON_0007221>	"HsapDv:0000082"
<http://purl.obolibrary.org/obo/UBERON_0007221>	"EV:0300037"
<http://purl.obolibrary.org/obo/UBERON_0007221>	"OGES:000025"
<http://purl.obolibrary.org/obo/UBERON_0007221>	<http://neurolex.org/wiki/Category:Newborn_organism>
<http://purl.obolibrary.org/obo/UBERON_0007221>	<http://neurolex.org/wiki/Category:Infant_organism>
<http://purl.obolibrary.org/obo/UBERON_0007221>	<http://en.wikipedia.org/wiki/Infant>
<http://purl.obolibrary.org/obo/UBERON_0017672>	"FMA:32413"
<http://purl.obolibrary.org/obo/UBERON_0017672>	"FMA:67355"
<http://purl.obolibrary.org/obo/UBERON_0017672>	"OBOL:automatic"
<http://purl.obolibrary.org/obo/ENVO_01000604>	"https://en.wikipedia.org/wiki/Vehicle"
<http://purl.obolibrary.org/obo/UBERON_0000995>	"EFO:0000975"
<http://purl.obolibrary.org/obo/UBERON_0000995>	<http://linkedlifedata.com/resource/umls/id/C0042149>
<http://purl.obolibrary.org/obo/UBERON_0000995>	"UMLS:C0042149"
<http://purl.obolibrary.org/obo/UBERON_0000995>	"BTO:0001424"
<http://purl.obolibrary.org/obo/UBERON_0000995>	"MA:0000389"
<http://purl.obolibrary.org/obo/UBERON_0000995>	"MAT:0000127"
<http://purl.obolibrary.org/obo/UBERON_0000995>	"MGI:csmith"
<http://purl.obolibrary.org/obo/UBERON_0000995>	"MIAA:0000127"
<http://purl.obolibrary.org/obo/UBERON_0000995>	"MESH:D014599"
<http://purl.obolibrary.org/obo/UBERON_0000995>	<http://en.wikipedia.org/wiki/Uterus>
<http://purl.obolibrary.org/obo/UBERON_0000995>	"MP:0001120"
<http://purl.obolibrary.org/obo/UBERON_0000995>	<http://www.snomedbrowser.com/Codes/Details/181452004>
<http://purl.obolibrary.org/obo/UBERON_0000995>	"GAID:172"
<http://purl.obolibrary.org/obo/UBERON_0000995>	"OpenCyc:Mx4rvViojJwpEbGdrcN5Y29ycA"
<http://purl.obolibrary.org/obo/UBERON_0000995>	"VHOG:0001137"
<http://purl.obolibrary.org/obo/UBERON_0000995>	"EV:0100113"
<http://purl.obolibrary.org/obo/UBERON_0000995>	"galen:Uterus"
<http://purl.obolibrary.org/obo/UBERON_0000995>	"FMA:17558"
<http://purl.obolibrary.org/obo/UBERON_0000995>	"NCIT:C12405"
<http://purl.obolibrary.org/obo/UBERON_0000995>	"EMAPA:29915"
<http://purl.obolibrary.org/obo/UBERON_0000995>	"CALOHA:TS-1102"
<http://purl.obolibrary.org/obo/UBERON_0013755>	"OBOL:automatic"
<http://purl.obolibrary.org/obo/UBERON_0013755>	"FMA:83066"
<http://purl.obolibrary.org/obo/UBERON_0005173>	"EMAPA:37062"
<http://purl.obolibrary.org/obo/UBERON_0005173>	<http://orcid.org/0000-0002-6601-2165>
<http://purl.obolibrary.org/obo/UBERON_0005173>	"MA:0000529"
<http://purl.obolibrary.org/obo/UBERON_0000173>	"NCIT:C13188"
<http://purl.obolibrary.org/obo/UBERON_0000173>	"EMAPA:36771"
<http://purl.obolibrary.org/obo/UBERON_0000173>	"CALOHA:TS-0034"
<http://purl.obolibrary.org/obo/UBERON_0000173>	"MESH:D000653"
<http://purl.obolibrary.org/obo/UBERON_0000173>	"VHOG:0001267"
<http://purl.obolibrary.org/obo/UBERON_0000173>	"EV:0100123"
<http://purl.obolibrary.org/obo/UBERON_0000173>	<http://linkedlifedata.com/resource/umls/id/C0002638>
<http://purl.obolibrary.org/obo/UBERON_0000173>	"UMLS:C0002638"
<http://purl.obolibrary.org/obo/UBERON_0000173>	"MP:MP"
<http://purl.obolibrary.org/obo/UBERON_0000173>	"GAID:1155"
<http://purl.obolibrary.org/obo/UBERON_0000173>	"FMA:305905"
<http://purl.obolibrary.org/obo/UBERON_0000173>	"BTO:0000068"
<http://purl.obolibrary.org/obo/UBERON_0000173>	"MA:0002893"
<http://purl.obolibrary.org/obo/UBERON_0000173>	"ENVO:02000021"
<http://purl.obolibrary.org/obo/UBERON_0000473>	"VHOG:0000252"
<http://purl.obolibrary.org/obo/UBERON_0000473>	"AAO:0000606"
<http://purl.obolibrary.org/obo/UBERON_0000473>	"FMA:7210"
<http://purl.obolibrary.org/obo/UBERON_0000473>	"EHDAA:8146"
<http://purl.obolibrary.org/obo/UBERON_0000473>	"EFO:0000984"
<http://purl.obolibrary.org/obo/UBERON_0000473>	"ZFA:0000598"
<http://purl.obolibrary.org/obo/UBERON_0000473>	<http://orcid.org/0000-0002-6601-2165>
<http://purl.obolibrary.org/obo/UBERON_0000473>	"MAT:0000132"
<http://purl.obolibrary.org/obo/UBERON_0000473>	"galen:Testis"
<http://purl.obolibrary.org/obo/UBERON_0000473>	"EV:0100102"
<http://purl.obolibrary.org/obo/UBERON_0000473>	"BSA:0000085"
<http://purl.obolibrary.org/obo/UBERON_0000473>	"MIAA:0000132"
<http://purl.obolibrary.org/obo/UBERON_0000473>	"MA:0000411"
<http://purl.obolibrary.org/obo/UBERON_0000473>	"BILA:0000124"
<http://purl.obolibrary.org/obo/UBERON_0000473>	<http://en.wikipedia.org/wiki/Testis>
<http://purl.obolibrary.org/obo/UBERON_0000473>	"BTO:0001363"
<http://purl.obolibrary.org/obo/UBERON_0000473>	"FBbt:00004928"
<http://purl.obolibrary.org/obo/UBERON_0000473>	"UMLS:C0039597"
<http://purl.obolibrary.org/obo/UBERON_0000473>	"WBbt:0006794"
<http://purl.obolibrary.org/obo/UBERON_0000473>	"EMAPA:17972"
<http://purl.obolibrary.org/obo/UBERON_0000473>	"MESH:D013737"
<http://purl.obolibrary.org/obo/UBERON_0000473>	"TAO:0000598"
<http://purl.obolibrary.org/obo/UBERON_0000473>	"CALOHA:TS-1030"
<http://purl.obolibrary.org/obo/UBERON_0000473>	"EHDAA2:0002007"
<http://purl.obolibrary.org/obo/UBERON_0000473>	"GAID:396"
<http://purl.obolibrary.org/obo/UBERON_0000473>	"XAO:0000157"
<http://purl.obolibrary.org/obo/UBERON_0000473>	"NCIT:C12412"
<http://purl.obolibrary.org/obo/UBERON_0000473>	<http://linkedlifedata.com/resource/umls/id/C0039597>
<http://purl.obolibrary.org/obo/UBERON_0000473>	<http://www.snomedbrowser.com/Codes/Details/181431007>
<http://purl.obolibrary.org/obo/UBERON_0000473>	"OpenCyc:Mx4rvVjM25wpEbGdrcN5Y29ycA"
<http://purl.obolibrary.org/obo/UBERON_0000473>	"OBOL:automatic"
<http://purl.obolibrary.org/obo/UBERON_0000473>	"HAO:0001007"
<http://purl.obolibrary.org/obo/UBERON_0002369>	"VHOG:0001141"
<http://purl.obolibrary.org/obo/UBERON_0002369>	"NCIT:C12666"
<http://purl.obolibrary.org/obo/UBERON_0002369>	"GAID:446"
<http://purl.obolibrary.org/obo/UBERON_0002369>	"CALOHA:TS-0016"
<http://purl.obolibrary.org/obo/UBERON_0002369>	"AAO:0010551"
<http://purl.obolibrary.org/obo/UBERON_0002369>	"XAO:0000164"
<http://purl.obolibrary.org/obo/UBERON_0002369>	"MESH:D000311"
<http://purl.obolibrary.org/obo/UBERON_0002369>	"UMLS:C0001625"
<http://purl.obolibrary.org/obo/UBERON_0002369>	"MAT:0000071"
<http://purl.obolibrary.org/obo/UBERON_0002369>	<http://linkedlifedata.com/resource/umls/id/C0001625>
<http://purl.obolibrary.org/obo/UBERON_0002369>	"EV:0100135"
<http://purl.obolibrary.org/obo/UBERON_0002369>	"BTO:0000047"
<http://purl.obolibrary.org/obo/UBERON_0002369>	"FMA:9604"
<http://purl.obolibrary.org/obo/UBERON_0002369>	<http://www.snomedbrowser.com/Codes/Details/181127006>
<http://purl.obolibrary.org/obo/UBERON_0002369>	"galen:AdrenalGland"
<http://purl.obolibrary.org/obo/UBERON_0002369>	<http://en.wikipedia.org/wiki/Adrenal_gland>
<http://purl.obolibrary.org/obo/UBERON_0002369>	"OpenCyc:Mx4rvXYiz5wpEbGdrcN5Y29ycA"
<http://purl.obolibrary.org/obo/UBERON_0002369>	"EFO:0000238"
<http://purl.obolibrary.org/obo/UBERON_0002369>	"GO:0030325"
<http://purl.obolibrary.org/obo/UBERON_0002369>	"MIAA:0000071"
<http://purl.obolibrary.org/obo/UBERON_0002369>	"EMAPA:18426"
<http://purl.obolibrary.org/obo/UBERON_0002369>	"MA:0000116"
<http://purl.obolibrary.org/obo/UBERON_0001913>	"CALOHA:TS-0636"
<http://purl.obolibrary.org/obo/UBERON_0001913>	"MESH:A13.622"
<http://purl.obolibrary.org/obo/UBERON_0001913>	"VHOG:0001263"
<http://purl.obolibrary.org/obo/UBERON_0001913>	"NCIT:C13401"
<http://purl.obolibrary.org/obo/UBERON_0001913>	"MA:0002552"
<http://purl.obolibrary.org/obo/UBERON_0001913>	"EMAPA:36540"
<http://purl.obolibrary.org/obo/UBERON_0001913>	"galen:Milk"
<http://purl.obolibrary.org/obo/UBERON_0001913>	"MAT:0000056"
<http://purl.obolibrary.org/obo/UBERON_0001913>	"ENVO:02000031"
<http://purl.obolibrary.org/obo/UBERON_0001913>	<http://en.wikipedia.org/wiki/Breast_milk>
<http://purl.obolibrary.org/obo/UBERON_0001913>	<http://orcid.org/0000-0002-6601-2165>
<http://purl.obolibrary.org/obo/UBERON_0001913>	"UMLS:C1511310"
<http://purl.obolibrary.org/obo/UBERON_0001913>	"EV:0100126"
<http://purl.obolibrary.org/obo/UBERON_0001913>	<http://linkedlifedata.com/resource/umls/id/C1511310>
<http://purl.obolibrary.org/obo/UBERON_0001913>	"MIAA:0000056"
<http://purl.obolibrary.org/obo/UBERON_0001913>	"FMA:62100"
<http://purl.obolibrary.org/obo/UBERON_0001913>	"GAID:1230"
<http://purl.obolibrary.org/obo/UBERON_0001913>	"OpenCyc:Mx4rvVjGZJwpEbGdrcN5Y29ycA"
<http://purl.obolibrary.org/obo/UBERON_0001913>	"BTO:0000868"
<http://purl.obolibrary.org/obo/UBERON_0034873>	"FMA:84580"
<http://purl.obolibrary.org/obo/UBERON_0034873>	<http://orcid.org/0000-0002-6601-2165>
<http://purl.obolibrary.org/obo/UBERON_0001088>	"EMAPA:36554"
<http://purl.obolibrary.org/obo/UBERON_0001088>	"CALOHA:TS-1092"
<http://purl.obolibrary.org/obo/UBERON_0001088>	"BTO:0001419"
<http://purl.obolibrary.org/obo/UBERON_0001088>	"MA:0002545"
<http://purl.obolibrary.org/obo/UBERON_0001088>	<http://linkedlifedata.com/resource/umls/id/C0042036>
<http://purl.obolibrary.org/obo/UBERON_0001088>	"MESH:D014556"
<http://purl.obolibrary.org/obo/UBERON_0001088>	"MIAA:0000058"
<http://purl.obolibrary.org/obo/UBERON_0001088>	"FMA:12274"
<http://purl.obolibrary.org/obo/UBERON_0001088>	"galen:Urine"
<http://purl.obolibrary.org/obo/UBERON_0001088>	<https://github.com/geneontology/go-ontology/issues/11025>
<http://purl.obolibrary.org/obo/UBERON_0001088>	"OpenCyc:Mx4rvVjGppwpEbGdrcN5Y29ycA"
<http://purl.obolibrary.org/obo/UBERON_0001088>	<http://en.wikipedia.org/wiki/Urine>
<http://purl.obolibrary.org/obo/UBERON_0001088>	"UMLS:C0042036"
<http://purl.obolibrary.org/obo/UBERON_0001088>	"GAID:1189"
<http://purl.obolibrary.org/obo/UBERON_0001088>	"NCIT:C13283"
<http://purl.obolibrary.org/obo/UBERON_0001088>	"EFO:0001939"
<http://purl.obolibrary.org/obo/UBERON_0001088>	"MAT:0000058"
<http://purl.obolibrary.org/obo/UBERON_0001088>	"ENVO:00002047"
<http://purl.obolibrary.org/obo/UBERON_0006562>	"MIAA:0000049"
<http://purl.obolibrary.org/obo/UBERON_0006562>	"GO:0060465"
<http://purl.obolibrary.org/obo/UBERON_0006562>	"MAT:0000049"
<http://purl.obolibrary.org/obo/UBERON_0006562>	"FBbt:00005380"
<http://purl.obolibrary.org/obo/UBERON_0000465>	<http://orcid.org/0000-0001-9114-8737>
<http://purl.obolibrary.org/obo/UBERON_0000465>	"HAO:0000006"
<http://purl.obolibrary.org/obo/UBERON_0000465>	"VHOG:0001721"
<http://purl.obolibrary.org/obo/UBERON_0000465>	"AAO:0010264"
<http://purl.obolibrary.org/obo/UBERON_0000465>	"FMA:67165"
<http://purl.obolibrary.org/obo/UBERON_0000465>	"BILA:0000006"
<http://purl.obolibrary.org/obo/UBERON_0000465>	"TAO:0001836"
<http://purl.obolibrary.org/obo/UBERON_0000465>	"AEO:0000006"
<http://purl.obolibrary.org/obo/UBERON_0000465>	"CARO:0000006"
<http://purl.obolibrary.org/obo/UBERON_0000465>	"EHDAA2:0003006"
<http://purl.obolibrary.org/obo/UBERON_0000465>	"TGMA:0001826"
<http://purl.obolibrary.org/obo/UBERON_0000465>	"FBbt:00007016"
<http://purl.obolibrary.org/obo/UBERON_0000991>	"WBbt:0005175"
<http://purl.obolibrary.org/obo/UBERON_0000991>	"MESH:D006066"
<http://purl.obolibrary.org/obo/UBERON_0000991>	"XAO:0003146"
<http://purl.obolibrary.org/obo/UBERON_0000991>	"BILA:0000123"
<http://purl.obolibrary.org/obo/UBERON_0000991>	"UMLS:C0018067"
<http://purl.obolibrary.org/obo/UBERON_0000991>	"BTO:0000534"
<http://purl.obolibrary.org/obo/UBERON_0000991>	<http://www.snomedbrowser.com/Codes/Details/304623008>
<http://purl.obolibrary.org/obo/UBERON_0000991>	"FBbt:00004858"
<http://purl.obolibrary.org/obo/UBERON_0000991>	"BSA:0000079"
<http://purl.obolibrary.org/obo/UBERON_0000991>	"ISBN:0140512888"
<http://purl.obolibrary.org/obo/UBERON_0000991>	"GAID:368"
<http://purl.obolibrary.org/obo/UBERON_0000991>	"VHOG:0000397"
<http://purl.obolibrary.org/obo/UBERON_0000991>	"MA:0002420"
<http://purl.obolibrary.org/obo/UBERON_0000991>	"FMA:18250"
<http://purl.obolibrary.org/obo/UBERON_0000991>	"HAO:0000379"
<http://purl.obolibrary.org/obo/UBERON_0000991>	"OpenCyc:Mx4rwQvdiZwpEbGdrcN5Y29ycA"
<http://purl.obolibrary.org/obo/UBERON_0000991>	"TAO:0000413"
<http://purl.obolibrary.org/obo/UBERON_0000991>	"AAO:0000213"
<http://purl.obolibrary.org/obo/UBERON_0000991>	<http://en.wikipedia.org/wiki/Gonad>
<http://purl.obolibrary.org/obo/UBERON_0000991>	"ZFA:0000413"
<http://purl.obolibrary.org/obo/UBERON_0000991>	"ZFIN:curator"
<http://purl.obolibrary.org/obo/UBERON_0000991>	<http://linkedlifedata.com/resource/umls/id/C0018067>
<http://purl.obolibrary.org/obo/UBERON_0000991>	"NCIT:C12725"
<http://purl.obolibrary.org/obo/UBERON_0000991>	"EMAPA:17383"
<http://purl.obolibrary.org/obo/UBERON_0000179>	<http://orcid.org/0000-0002-6601-2165>
<http://purl.obolibrary.org/obo/UBERON_0000179>	"CARO:0000081"
<http://purl.obolibrary.org/obo/UBERON_0000955>	"ZFA:0000008"
<http://purl.obolibrary.org/obo/UBERON_0000955>	"GAID:571"
<http://purl.obolibrary.org/obo/UBERON_0000955>	"MBA:8"
<http://purl.obolibrary.org/obo/UBERON_0000955>	"EHDAA:2641"
<http://purl.obolibrary.org/obo/UBERON_0000955>	"BAMS:Br"
<http://purl.obolibrary.org/obo/UBERON_0000955>	"EHDAA:6485"
<http://purl.obolibrary.org/obo/UBERON_0000955>	"XAO:0000010"
<http://purl.obolibrary.org/obo/UBERON_0000955>	<http://uri.neuinfo.org/nif/nifstd/birnlex_796>
<http://purl.obolibrary.org/obo/UBERON_0000955>	"NeuroNames:21"
<http://purl.obolibrary.org/obo/UBERON_0000955>	<http://www.snomedbrowser.com/Codes/Details/258335003>
<http://purl.obolibrary.org/obo/UBERON_0000955>	"galen:Brain"
<http://purl.obolibrary.org/obo/UBERON_0000955>	"MIAA:0000098"
<http://purl.obolibrary.org/obo/UBERON_0000955>	"EMAPA:16894"
<http://purl.obolibrary.org/obo/UBERON_0000955>	"FMA:50801"
<http://purl.obolibrary.org/obo/UBERON_0000955>	"http://braininfo.rprc.washington.edu/centraldirectory.aspx?ID=21"
<http://purl.obolibrary.org/obo/UBERON_0000955>	<http://braininfo.rprc.washington.edu/centraldirectory.aspx?ID=21>
<http://purl.obolibrary.org/obo/UBERON_0000955>	"ABA:Brain"
<http://purl.obolibrary.org/obo/UBERON_0000955>	<http://linkedlifedata.com/resource/umls/id/C1269537>
<http://purl.obolibrary.org/obo/UBERON_0000955>	"UMLS:C1269537"
<http://purl.obolibrary.org/obo/UBERON_0000955>	"BILA:0000135"
<http://purl.obolibrary.org/obo/UBERON_0000955>	"EHDAA2:0000183"
<http://purl.obolibrary.org/obo/UBERON_0000955>	"EFO:0000302"
<http://purl.obolibrary.org/obo/UBERON_0000955>	"MAT:0000098"
<http://purl.obolibrary.org/obo/UBERON_0000955>	"DHBA:10155"
<http://purl.obolibrary.org/obo/UBERON_0000955>	"UMLS:C0006104"
<http://purl.obolibrary.org/obo/UBERON_0000955>	"BAMS:Brain"
<http://purl.obolibrary.org/obo/UBERON_0000955>	"TAO:0000008"
<http://purl.obolibrary.org/obo/UBERON_0000955>	"AAO:0010478"
<http://purl.obolibrary.org/obo/UBERON_0000955>	<https://github.com/obophenotype/uberon/issues/300>
<http://purl.obolibrary.org/obo/UBERON_0000955>	"HBA:4005"
<http://purl.obolibrary.org/obo/UBERON_0000955>	"EV:0100164"
<http://purl.obolibrary.org/obo/UBERON_0000955>	"OpenCyc:Mx4rvVjT65wpEbGdrcN5Y29ycA"
<http://purl.obolibrary.org/obo/UBERON_0000955>	"NCIT:C12439"
<http://purl.obolibrary.org/obo/UBERON_0000955>	"MA:0000168"
<http://purl.obolibrary.org/obo/UBERON_0000955>	<http://en.wikipedia.org/wiki/Brain>
<http://purl.obolibrary.org/obo/UBERON_0000955>	"FBbt:00005095"
<http://purl.obolibrary.org/obo/UBERON_0000955>	"MESH:D001921"
<http://purl.obolibrary.org/obo/UBERON_0000955>	"BTO:0000142"
<http://purl.obolibrary.org/obo/UBERON_0000955>	"PBA:3999"
<http://purl.obolibrary.org/obo/UBERON_0000955>	"VHOG:0000157"
<http://purl.obolibrary.org/obo/UBERON_0000955>	"MBA:997"
<http://purl.obolibrary.org/obo/UBERON_0000955>	"CALOHA:TS-0095"
<http://purl.obolibrary.org/obo/UBERON_0000955>	<http://linkedlifedata.com/resource/umls/id/C0006104>
<http://purl.obolibrary.org/obo/UBERON_0001977>	"EMAPA:35770"
<http://purl.obolibrary.org/obo/UBERON_0001977>	"FMA:63083"
<http://purl.obolibrary.org/obo/UBERON_0001977>	"BTO:0000133"
<http://purl.obolibrary.org/obo/UBERON_0001977>	"UMLS:C0229671"
<http://purl.obolibrary.org/obo/UBERON_0001977>	<http://en.wikipedia.org/wiki/Serum_(blood)>
<http://purl.obolibrary.org/obo/UBERON_0001977>	<http://linkedlifedata.com/resource/umls/id/C0229671>
<http://purl.obolibrary.org/obo/UBERON_0001977>	"CALOHA:TS-0923"
<http://purl.obolibrary.org/obo/UBERON_0001977>	"MA:0002502"
<http://purl.obolibrary.org/obo/UBERON_0001977>	"EHDAA2:0004728"
<http://purl.obolibrary.org/obo/UBERON_0001977>	"BTO:0001239"
<http://purl.obolibrary.org/obo/UBERON_0001977>	<http://orcid.org/0000-0002-6601-2165>
<http://purl.obolibrary.org/obo/UBERON_0001977>	"NCIT:C13325"
<http://purl.obolibrary.org/obo/UBERON_0000062>	"WBbt:0003760"
<http://purl.obolibrary.org/obo/UBERON_0000062>	"OpenCyc:Mx4rwP3iWpwpEbGdrcN5Y29ycA"
<http://purl.obolibrary.org/obo/UBERON_0000062>	<http://en.wikipedia.org/wiki/Organ_(anatomy)>
<http://purl.obolibrary.org/obo/UBERON_0000062>	"MA:0003001"
<http://purl.obolibrary.org/obo/UBERON_0000062>	"CARO:0020004"
<http://purl.obolibrary.org/obo/UBERON_0000062>	"OpenCyc:Mx4rv5XMb5wpEbGdrcN5Y29ycA"
<http://purl.obolibrary.org/obo/UBERON_0000062>	"EFO:0000634"
<http://purl.obolibrary.org/obo/UBERON_0000062>	"ENVO:01000162"
<http://purl.obolibrary.org/obo/UBERON_0000062>	"EMAPA:35949"
<http://purl.obolibrary.org/obo/UBERON_0000062>	<http://uri.neuinfo.org/nif/nifstd/birnlex_4>
<http://purl.obolibrary.org/obo/UBERON_0000062>	"NCIT:C13018"
<http://purl.obolibrary.org/obo/UBERON_0000062>	<http://linkedlifedata.com/resource/umls/id/C0178784>
<http://purl.obolibrary.org/obo/UBERON_0000062>	<http://orcid.org/0000-0002-6601-2165>
<http://purl.obolibrary.org/obo/UBERON_0000062>	<http://www.snomedbrowser.com/Codes/Details/272625005>
<http://purl.obolibrary.org/obo/UBERON_0000062>	"FMA:67498"
<http://purl.obolibrary.org/obo/UBERON_0000062>	"UMLS:C0178784"
